Group,,activeArea,firingRate_mean,firingRate_std,firingRate_CV,firingRate_median,firingRate_P10,firingRate_P90,amplitude_mean,amplitude_std,amplitude_CV,amplitude_median,amplitude_P10,amplitude_P90,ISI_mean,ISI_std,ISI_CV,ISI_median,ISI_P10,ISI_P90,date,wellplateID,wellNo,runID,assayTag,div,wellGroupName,wellGroupColor,Plating Date,control
,Instance,Active Area,Mean Firing Rate,Firing Rate std,Firing Rate CV,Median Firing Rate,Firing Rate 10th percentile,Firing Rate 90th percentile,Mean Spike Amplitude,Spike Amplitude std,Spike Amplitude CV,Median Spike Amplitude,Spike Amplitude 10th percentile,Spike Amplitude 90th percentile,Mean ISI,ISI std,ISI CV,Median ISI,ISI 10th percentile,ISI 90th percentile,Date,Wellplate ID,Well Number,Assay Run ID,Assay Tag,DIV,Well Group Name,Well Group Color,,Control
1,1,0.61,0.75,0.8,1.06,0.43,0.12,1.43,43.45,23.32,0.54,38.22,31.68,58.5,89.19,30.27,0.34,90.19,54.82,118.09,4/26/2024,M05357,1,9,DOP2 W3 Organoids M05357,2,Default Group,#999999,15.2.2024,0
1,2,0.65,0.51,0.54,1.05,0.3,0.13,1.06,43.12,10.68,0.25,43.69,30.12,52.24,79.45,35.82,0.45,81.49,31.69,128.85,4/26/2024,M05357,2,9,DOP2 W3 Organoids M05357,2,Default Group,#999999,15.2.2024,0
1,3,0.52,0.36,0.22,0.63,0.36,0.13,0.58,52.57,39.59,0.75,40.53,27.01,94.03,90.85,41.36,0.46,84.42,51.04,144.7,4/26/2024,M05357,3,9,DOP2 W3 Organoids M05357,2,Default Group,#999999,15.2.2024,0
1,4,0.37,0.71,0.65,0.91,0.36,0.12,1.72,42.1,16.41,0.39,37.07,31.55,56,82.3,27.15,0.33,81.2,49.1,113.96,4/26/2024,M05357,4,9,DOP2 W3 Organoids M05357,2,Default Group,#999999,15.2.2024,0
1,5,0.35,2.81,4.05,1.44,0.32,0.12,9.2,57.23,21.44,0.37,56.58,37.34,84.27,74.62,27.96,0.37,71.76,52.07,102.14,4/26/2024,M05357,5,9,DOP2 W3 Organoids M05357,2,Default Group,#999999,15.2.2024,0
1,6,0.17,0.38,0.32,0.85,0.26,0.12,0.72,40.24,10.88,0.27,36.42,29.95,50.56,40.69,30.68,0.75,37.68,8.33,72.08,4/26/2024,M05357,6,9,DOP2 W3 Organoids M05357,2,Default Group,#999999,15.2.2024,0
1,7,0.67,0.57,0.75,1.32,0.23,0.13,2.07,37.2,10.78,0.29,34.88,25.35,53.28,70.61,43.25,0.61,73.4,4.15,109,4/26/2024,M04707,1,11,DOP2 W3 Organoids M04707,2,Default Group,#999999,24.4.2024,0
1,8,0.25,0.24,0.09,0.36,0.24,0.13,0.37,38.26,6.76,0.18,37.96,30.16,46.84,84.01,54.5,0.65,88.9,10.47,146.63,4/26/2024,M04707,2,11,DOP2 W3 Organoids M04707,2,Default Group,#999999,24.4.2024,0
1,9,0.36,0.28,0.3,1.08,0.2,0.12,0.41,51.95,17.98,0.35,47.95,29.17,65.27,70.94,42.5,0.6,65.53,4.98,123.24,4/26/2024,M04707,3,11,DOP2 W3 Organoids M04707,2,Default Group,#999999,24.4.2024,0
1,10,0.65,0.44,0.3,0.67,0.38,0.13,0.76,40.11,13.41,0.33,33.16,27.62,61.17,85.13,42.27,0.5,79.86,35.11,139.62,4/26/2024,M04707,4,11,DOP2 W3 Organoids M04707,2,Default Group,#999999,24.4.2024,0
1,11,0.66,1,1.3,1.3,0.3,0.13,3.55,44.37,12.74,0.29,42.71,28.68,65.18,91.18,44.13,0.48,83.41,55.71,170.44,4/26/2024,M04707,5,11,DOP2 W3 Organoids M04707,2,Default Group,#999999,24.4.2024,0
1,12,0.33,0.18,0.06,0.35,0.17,0.12,0.25,42.27,12.08,0.29,40.04,30.14,55.95,85.19,48.68,0.57,79.5,30.21,145.7,4/26/2024,M04707,6,11,DOP2 W3 Organoids M04707,2,Default Group,#999999,24.4.2024,0
1,13,2.35,3.78,4.93,1.3,1.57,0.18,11.54,786,509.81,0.65,724.67,124.01,1583.92,32.09,18.32,0.57,31.12,9.85,56.49,4/26/2024,M04632,1,17,DOP2 W3 Organoids M04632,2,Default Group,#999999,24.4.2024,0
1,14,2.67,5.04,5.95,1.18,3.14,0.3,11.62,676.68,398.99,0.59,561.58,236.9,1156.48,28.02,17.93,0.64,25.75,10.59,46.97,4/26/2024,M04632,2,17,DOP2 W3 Organoids M04632,2,Default Group,#999999,24.4.2024,0
1,15,2.3,6.36,9.66,1.52,1.89,0.2,18.54,644.35,493.99,0.77,515.92,117.69,1667.15,30.16,17.61,0.58,27.92,11.06,52.04,4/26/2024,M04632,3,17,DOP2 W3 Organoids M04632,2,Default Group,#999999,24.4.2024,0
1,16,1.2,3.89,4.92,1.27,1.7,0.15,12.4,693.09,473.26,0.68,651.78,62.35,1346.97,32.13,25.46,0.79,28.28,5.02,51.48,4/26/2024,M04632,4,17,DOP2 W3 Organoids M04632,2,Default Group,#999999,24.4.2024,0
1,17,2.55,4.26,5.59,1.31,1.81,0.23,13.58,637.32,353.58,0.55,550.38,259.29,1143.98,30.53,26.63,0.87,27.07,7.88,50.51,4/26/2024,M04632,5,17,DOP2 W3 Organoids M04632,2,Default Group,#999999,24.4.2024,0
1,18,2.94,3.99,5.36,1.34,2.41,0.23,9.57,728.78,399.04,0.55,689.51,241.21,1222.5,32.04,15.84,0.49,29.91,17.93,45.62,4/26/2024,M04632,6,17,DOP2 W3 Organoids M04632,2,Default Group,#999999,24.4.2024,0
1,19,0.49,0.38,0.37,0.97,0.22,0.13,0.99,56.5,44.04,0.78,39.66,31.95,93.14,51.32,27.53,0.54,48.38,27.34,77.72,4/26/2024,M05368,1,20,DOP2 W3 Organoids M05368,2,Default Group,#999999,24.4.2024,0
1,20,0.31,0.27,0.17,0.64,0.23,0.13,0.38,56.82,27.45,0.48,47.89,26.63,87.03,61.25,29.36,0.48,64.54,31.29,88.56,4/26/2024,M05368,2,20,DOP2 W3 Organoids M05368,2,Default Group,#999999,24.4.2024,0
1,21,0.22,0.77,0.76,0.99,0.27,0.12,2.01,38.74,15.29,0.39,30.58,27.27,56.18,68.41,29.48,0.43,70.49,38.16,87.35,4/26/2024,M05368,3,20,DOP2 W3 Organoids M05368,2,Default Group,#999999,24.4.2024,0
1,22,0.09,0.23,0.15,0.65,0.16,0.13,0.48,45.14,8.51,0.19,40.9,38.12,53.16,57.28,25.05,0.44,49.2,39.45,79.9,4/26/2024,M05368,4,20,DOP2 W3 Organoids M05368,2,Default Group,#999999,24.4.2024,0
1,23,0.12,0.21,0.12,0.55,0.17,0.12,0.4,49.2,16.1,0.33,43.58,38.4,57,61.62,31.33,0.51,55.22,33.64,91.84,4/26/2024,M05368,5,20,DOP2 W3 Organoids M05368,2,Default Group,#999999,24.4.2024,0
1,24,0.2,6.74,6.24,0.92,11.88,0.12,12.64,96.25,51.75,0.54,134.56,31.78,144.65,61.16,3.81,0.06,60.9,58.52,67.27,4/26/2024,M05368,6,20,DOP2 W3 Organoids M05368,2,Default Group,#999999,24.4.2024,0
1,25,1.26,0.44,0.38,0.86,0.27,0.12,1.05,42.52,18.06,0.42,38.07,24.43,70.13,75.39,32.79,0.43,71.3,38.18,112.26,4/29/2024,M05357,1,24,DOP5 W3 Organoids M05357,5,Default Group,#999999,24.4.2024,0
1,26,2.22,0.36,0.36,1.02,0.23,0.12,0.9,50.22,25.83,0.51,44.05,26.12,77.12,65.32,33.72,0.52,58.99,33.53,110.61,4/29/2024,M05357,2,24,DOP5 W3 Organoids M05357,5,Default Group,#999999,24.4.2024,0
1,27,1.83,0.32,0.24,0.74,0.22,0.12,0.65,48.32,28.7,0.59,41.66,26.28,73.84,74.9,33.12,0.44,70.97,36.18,121.58,4/29/2024,M05357,3,24,DOP5 W3 Organoids M05357,5,Default Group,#999999,24.4.2024,0
1,28,1.37,0.46,0.44,0.95,0.27,0.13,0.99,46.13,24.61,0.53,40.88,29.13,63.39,66.42,29.79,0.45,59.36,35.59,106.74,4/29/2024,M05357,4,24,DOP5 W3 Organoids M05357,5,Default Group,#999999,24.4.2024,0
1,29,1.38,1.18,2.9,2.46,0.25,0.13,1.28,51.86,21.05,0.41,45.74,33.41,77.23,60.48,30.47,0.5,56.66,30.55,97.74,4/29/2024,M05357,5,24,DOP5 W3 Organoids M05357,5,Default Group,#999999,24.4.2024,0
1,30,1.9,0.3,0.24,0.81,0.2,0.12,0.58,48.03,28.53,0.59,41.24,30.84,66.66,69.75,33.53,0.48,65.51,29.9,114.97,4/29/2024,M05357,6,24,DOP5 W3 Organoids M05357,5,Default Group,#999999,24.4.2024,0
1,31,1.36,0.46,0.56,1.22,0.25,0.12,1.1,42.65,14.52,0.34,37.93,29.28,68.69,86.29,46.19,0.54,89.15,26.03,151.54,4/29/2024,None,1,26,DOP5 W3 Organoids M04707,5,Default Group,#999999,24.4.2024,0
1,32,0.58,0.21,0.12,0.55,0.17,0.12,0.34,38.64,13.1,0.34,38.02,23.62,50.76,77.52,48.14,0.62,68.6,24.81,134.85,4/29/2024,None,2,26,DOP5 W3 Organoids M04707,5,Default Group,#999999,24.4.2024,0
1,33,0.87,0.24,0.14,0.6,0.18,0.12,0.46,50.6,21.01,0.42,46.15,29.5,67.64,61.63,36.47,0.59,51.5,33.66,106.26,4/29/2024,None,3,26,DOP5 W3 Organoids M04707,5,Default Group,#999999,24.4.2024,0
1,34,1.03,0.41,0.29,0.71,0.32,0.15,0.82,44.4,16.14,0.36,39.82,26.89,62.4,75.07,38.24,0.51,71.96,31.11,128.61,4/29/2024,None,4,26,DOP5 W3 Organoids M04707,5,Default Group,#999999,24.4.2024,0
1,35,0.62,0.54,0.54,1,0.23,0.12,1.5,47.83,18.37,0.38,42.01,26.56,69.19,81.68,33.03,0.4,86.24,36.98,115.41,4/29/2024,None,5,26,DOP5 W3 Organoids M04707,5,Default Group,#999999,24.4.2024,0
1,36,0.69,0.29,0.12,0.4,0.3,0.13,0.42,45.46,12.8,0.28,44.92,30.13,67.59,107.35,49.85,0.46,116.85,40.84,169.16,4/29/2024,None,6,26,DOP5 W3 Organoids M04707,5,Default Group,#999999,24.4.2024,0
1,37,1.05,0.3,0.25,0.82,0.22,0.12,0.67,48.91,24.06,0.49,41.06,29.6,82.56,59.4,26.42,0.44,53.16,29.96,98.2,4/29/2024,None,1,28,DOP5 W3 Organoids M04632,5,Default Group,#999999,24.4.2024,0
1,38,1.02,0.21,0.12,0.59,0.15,0.12,0.37,36.32,17.5,0.48,29.88,22.03,56.12,59.32,30.59,0.52,54.95,24.82,107.73,4/29/2024,None,2,28,DOP5 W3 Organoids M04632,5,Default Group,#999999,24.4.2024,0
1,39,1.77,0.33,0.3,0.93,0.21,0.12,0.65,50.66,23.9,0.47,43.22,32.13,77.2,60.22,26.82,0.45,56.46,32,92.13,4/29/2024,None,3,28,DOP5 W3 Organoids M04632,5,Default Group,#999999,24.4.2024,0
1,40,1.91,0.38,0.33,0.85,0.23,0.12,0.86,46.9,20.83,0.44,40.84,29.25,71.38,69.89,32.94,0.47,64.35,35.04,108.87,4/29/2024,None,4,28,DOP5 W3 Organoids M04632,5,Default Group,#999999,24.4.2024,0
1,41,2,0.41,0.38,0.93,0.28,0.13,0.87,48.38,22.19,0.46,42.45,31.78,67.45,62.39,33.38,0.54,54.24,27.9,110.15,4/29/2024,None,5,28,DOP5 W3 Organoids M04632,5,Default Group,#999999,24.4.2024,0
1,42,0.11,0.21,0.11,0.54,0.17,0.12,0.36,30.5,7.04,0.23,30.23,24.19,35.43,83.63,60.36,0.72,90.62,28.86,144.86,4/29/2024,None,6,28,DOP5 W3 Organoids M04632,5,Default Group,#999999,24.4.2024,0
1,43,1.01,0.23,0.17,0.72,0.18,0.12,0.38,68,70.46,1.04,52.66,41.15,89.45,93.79,42.42,0.45,93.23,35.23,150.69,4/29/2024,None,1,30,DOP5 W3 Organoids M05368,5,Default Group,#999999,24.4.2024,0
1,44,1,0.33,0.37,1.13,0.2,0.12,0.53,54.76,63.78,1.16,44.12,33.83,73.71,64.52,32.96,0.51,57.48,32.92,109.12,4/29/2024,None,2,30,DOP5 W3 Organoids M05368,5,Default Group,#999999,24.4.2024,0
1,45,1.45,0.27,0.18,0.69,0.2,0.12,0.49,53.41,23.82,0.45,47.54,30.56,84.68,112.86,40.6,0.36,113.6,69.6,159.67,4/29/2024,None,3,30,DOP5 W3 Organoids M05368,5,Default Group,#999999,24.4.2024,0
1,46,0.22,0.18,0.08,0.44,0.15,0.12,0.29,76.77,82.93,1.08,57.69,39.67,101.01,117.04,36.88,0.32,107.35,90.25,147.71,4/29/2024,None,4,30,DOP5 W3 Organoids M05368,5,Default Group,#999999,24.4.2024,0
1,47,0.25,0.36,0.25,0.69,0.25,0.12,0.68,41.05,8.49,0.21,39.03,30.12,53.54,101.13,62.51,0.62,105.04,14.6,179.92,4/29/2024,None,5,30,DOP5 W3 Organoids M05368,5,Default Group,#999999,24.4.2024,0
1,48,0.34,4.21,6,1.43,0.18,0.12,12.93,69.91,46.86,0.67,46.18,26.18,137.79,71.28,30.27,0.42,60.05,57.59,104.86,4/29/2024,None,6,30,DOP5 W3 Organoids M05368,5,Default Group,#999999,24.4.2024,0
1,49,2.62,0.42,0.41,0.99,0.27,0.13,0.88,54.99,33.39,0.61,44.78,27.76,89.8,66.94,31.66,0.47,62.97,31.57,109.31,5/1/2024,M05357,1,48,DOP7 W3 Organoids M05357,7,Default Group,#999999,24.4.2024,0
1,50,4.79,0.45,0.41,0.92,0.27,0.13,1,60.87,51.13,0.84,49.42,33.84,99.26,60.53,28.04,0.46,54.58,29.79,99.73,5/1/2024,M05357,2,48,DOP7 W3 Organoids M05357,7,Default Group,#999999,24.4.2024,0
1,51,4.27,0.43,0.39,0.92,0.3,0.13,0.87,59.83,37.47,0.63,47.26,32.23,99.59,65.35,32.08,0.49,58.1,32.56,107.11,5/1/2024,M05357,3,48,DOP7 W3 Organoids M05357,7,Default Group,#999999,24.4.2024,0
1,52,3.67,0.4,0.4,1,0.27,0.12,0.77,54.81,36.07,0.66,43.37,32.2,90.46,66.91,28.88,0.43,60.45,36.74,110.28,5/1/2024,M05357,4,48,DOP7 W3 Organoids M05357,7,Default Group,#999999,24.4.2024,0
1,53,3.78,0.74,1.99,2.69,0.25,0.13,1.08,55.88,24.51,0.44,48.61,35.21,88.75,56.84,26.69,0.47,50.46,29.7,91.96,5/1/2024,M05357,5,48,DOP7 W3 Organoids M05357,7,Default Group,#999999,24.4.2024,0
1,54,4.04,0.33,0.27,0.82,0.23,0.12,0.62,52.98,24.43,0.46,45.39,32.79,83.37,55.65,23.7,0.43,49.17,30.62,86.39,5/1/2024,M05357,6,48,DOP7 W3 Organoids M05357,7,Default Group,#999999,24.4.2024,0
1,55,3.54,0.45,0.41,0.93,0.32,0.13,1,50.58,23.11,0.46,43.61,31.22,75.64,73.32,35.92,0.49,70.13,32.96,117.48,5/1/2024,M04707,1,51,DOP7 W3 Organoids M04707,7,Default Group,#999999,24.4.2024,0
1,56,2.03,0.27,0.18,0.67,0.2,0.12,0.5,53.28,30.82,0.58,43.39,31.79,87.68,66.66,35.72,0.54,59.02,30.27,114.63,5/1/2024,M04707,2,51,DOP7 W3 Organoids M04707,7,Default Group,#999999,24.4.2024,0
1,57,2.05,0.3,0.22,0.73,0.22,0.12,0.57,56.03,28.89,0.52,48.78,33.56,82.74,56.46,32.78,0.58,49.38,26.92,99.08,5/1/2024,M04707,3,51,DOP7 W3 Organoids M04707,7,Default Group,#999999,24.4.2024,0
1,58,3.71,0.4,0.37,0.92,0.28,0.13,0.82,50.26,26,0.52,43.35,31.1,76.81,65.29,31.7,0.49,58,31.82,110.11,5/1/2024,M04707,4,51,DOP7 W3 Organoids M04707,7,Default Group,#999999,24.4.2024,0
1,59,1.87,0.37,0.4,1.06,0.22,0.12,0.91,54.3,29.52,0.54,44.93,33.69,79,68.08,33.18,0.49,61.72,30.04,113.24,5/1/2024,M04707,5,51,DOP7 W3 Organoids M04707,7,Default Group,#999999,24.4.2024,0
1,60,1.19,0.26,0.13,0.49,0.22,0.12,0.43,48.77,16.28,0.33,45.04,32.1,70.51,77.92,47.94,0.62,70.14,27.19,149.6,5/1/2024,M04707,6,51,DOP7 W3 Organoids M04707,7,Default Group,#999999,24.4.2024,0
1,61,4.04,0.41,0.39,0.97,0.27,0.13,0.88,53.74,27.71,0.52,45.27,31.81,86.81,60.75,27.16,0.45,55.31,34.19,94.47,5/1/2024,M04632,1,53,DOP7 W3 Organoids M04632,7,Default Group,#999999,24.4.2024,0
1,62,2.58,0.26,0.17,0.64,0.2,0.12,0.5,49.96,25.53,0.51,43.48,24.51,82.94,64.87,32.72,0.5,58.34,31.77,107.32,5/1/2024,M04632,2,53,DOP7 W3 Organoids M04632,7,Default Group,#999999,24.4.2024,0
1,63,4.28,0.38,0.36,0.94,0.27,0.13,0.77,57.18,35.96,0.63,46.14,32.01,95.56,62.86,27.77,0.44,58.5,31.6,99.21,5/1/2024,M04632,3,53,DOP7 W3 Organoids M04632,7,Default Group,#999999,24.4.2024,0
1,64,4.63,0.41,0.32,0.79,0.3,0.13,0.81,58.37,31.44,0.54,47.84,33.08,97.9,65.48,29.94,0.46,59.61,32.16,106.37,5/1/2024,M04632,4,53,DOP7 W3 Organoids M04632,7,Default Group,#999999,24.4.2024,0
1,65,5.97,0.55,0.59,1.07,0.33,0.13,1.24,49.67,27.92,0.56,41.77,30.99,75.75,64.93,30.92,0.48,59.52,30.98,106.89,5/1/2024,M04632,5,53,DOP7 W3 Organoids M04632,7,Default Group,#999999,24.4.2024,0
1,66,0.05,0.16,0.08,0.47,0.13,0.12,0.24,23.78,2.36,0.1,23.64,21.7,26,74.28,87.29,1.18,74.28,24.9,123.66,5/1/2024,M04632,6,53,DOP7 W3 Organoids M04632,7,Default Group,#999999,24.4.2024,0
1,67,3.33,0.37,0.31,0.84,0.27,0.13,0.77,65.05,40.49,0.62,54.47,39.59,97.34,92.98,37.84,0.41,91.09,42.63,144.54,5/1/2024,M05368,1,55,DOP7 W3 Organoids M05368,7,Default Group,#999999,24.4.2024,0
1,68,2.54,0.38,0.6,1.56,0.23,0.12,0.68,68.46,54.62,0.8,52.68,35.49,111.99,61.18,33.49,0.55,52.16,28.03,97.41,5/1/2024,M05368,2,55,DOP7 W3 Organoids M05368,7,Default Group,#999999,24.4.2024,0
1,69,4.19,0.28,0.18,0.62,0.23,0.13,0.54,59.08,26.35,0.45,52.32,35.49,92.8,120.61,34.28,0.28,120.98,80.7,164.35,5/1/2024,M05368,3,55,DOP7 W3 Organoids M05368,7,Default Group,#999999,24.4.2024,0
1,70,0.61,0.17,0.07,0.39,0.15,0.12,0.22,54.89,38.75,0.71,49.92,34.96,70.08,104.27,69.36,0.67,119.35,11.21,181.48,5/1/2024,M05368,4,55,DOP7 W3 Organoids M05368,7,Default Group,#999999,24.4.2024,0
1,71,0.56,0.31,0.23,0.73,0.2,0.12,0.68,45.6,12.57,0.28,42.06,36.24,62.74,99.07,51.76,0.52,100.9,1.2,160.45,5/1/2024,M05368,5,55,DOP7 W3 Organoids M05368,7,Default Group,#999999,24.4.2024,0
1,72,0.25,5.36,6.16,1.15,0.22,0.12,12.7,83.26,49.63,0.6,50.17,31.83,140.13,61.36,2.03,0.03,61.24,59.42,63.84,5/1/2024,M05368,6,55,DOP7 W3 Organoids M05368,7,Default Group,#999999,24.4.2024,0
1,73,4.25,0.5,0.57,1.13,0.28,0.13,1.11,64.9,46.05,0.71,52.28,31.04,111.88,66.18,29.13,0.44,62.42,32.9,103.3,5/3/2024,M05357,1,61,DOP9 W3 Organoids M05357,9,Default Group,#999999,24.4.2024,0
1,74,7.39,0.45,0.41,0.92,0.28,0.13,0.95,66.44,50.8,0.76,51.25,35.6,112.19,59.39,28.72,0.48,54.3,28.37,96.88,5/3/2024,M05357,2,61,DOP9 W3 Organoids M05357,9,Default Group,#999999,24.4.2024,0
1,75,6.7,0.46,0.38,0.81,0.33,0.13,0.96,68.85,50.49,0.73,52.68,34.03,121.38,59.48,26.42,0.44,54.67,31.29,95.34,5/3/2024,M05357,3,61,DOP9 W3 Organoids M05357,9,Default Group,#999999,24.4.2024,0
1,76,6.12,0.4,0.38,0.95,0.27,0.13,0.9,61.15,49.93,0.82,47.22,32.19,106.11,62.1,30.38,0.49,57.26,28.33,99.74,5/3/2024,M05357,4,61,DOP9 W3 Organoids M05357,9,Default Group,#999999,24.4.2024,0
1,77,6.19,0.47,1.1,2.37,0.25,0.13,0.65,59.68,33.3,0.56,50.3,34.4,94.05,59.48,28.92,0.49,53.35,28.13,102.04,5/3/2024,M05357,5,61,DOP9 W3 Organoids M05357,9,Default Group,#999999,24.4.2024,0
1,78,7.53,0.35,0.29,0.84,0.27,0.12,0.68,58.28,32.91,0.56,47.79,33.33,94.45,56.07,24.81,0.44,51.04,29.64,88.76,5/3/2024,M05357,6,61,DOP9 W3 Organoids M05357,9,Default Group,#999999,24.4.2024,0
1,79,4.3,0.38,0.44,1.14,0.25,0.13,0.69,56.28,29.72,0.53,47.53,32.9,90.13,70.35,35.58,0.51,64.56,32.01,116.74,5/3/2024,M04707,1,63,DOP9 W3 Organoids M04707,9,Default Group,#999999,24.4.2024,0
1,80,2.54,0.27,0.2,0.74,0.22,0.12,0.42,61.83,41.89,0.68,49.43,33.71,100.11,53.68,28.99,0.54,46.7,27.83,92.04,5/3/2024,M04707,2,63,DOP9 W3 Organoids M04707,9,Default Group,#999999,24.4.2024,0
1,81,1.94,0.22,0.15,0.65,0.18,0.12,0.36,59.47,32.14,0.54,50.8,33.99,98.24,57.76,34.91,0.6,46.48,26.2,114.98,5/3/2024,M04707,3,63,DOP9 W3 Organoids M04707,9,Default Group,#999999,24.4.2024,0
1,82,5.65,0.37,0.3,0.8,0.27,0.13,0.73,56.06,30.94,0.55,46.87,31.57,90.2,61.74,31.65,0.51,53.79,28.83,104.54,5/3/2024,M04707,4,63,DOP9 W3 Organoids M04707,9,Default Group,#999999,24.4.2024,0
1,83,2.27,0.34,0.35,1.01,0.2,0.12,0.71,63.13,38.42,0.61,51.44,38.23,95.79,55.66,30.65,0.55,46.85,26.47,101.68,5/3/2024,M04707,5,63,DOP9 W3 Organoids M04707,9,Default Group,#999999,24.4.2024,0
1,84,1.22,0.25,0.12,0.5,0.22,0.12,0.43,54.54,27.53,0.5,45.94,33.99,79.54,59.07,42.61,0.72,44.75,21.5,127.53,5/3/2024,M04707,6,63,DOP9 W3 Organoids M04707,9,Default Group,#999999,24.4.2024,0
1,85,7.32,0.44,0.39,0.88,0.3,0.13,0.9,61.08,38.19,0.63,48.51,33.7,102.71,57.27,26,0.45,52.1,29.87,90.11,5/3/2024,M04632,1,65,DOP9 W3 Organoids M04632,9,Default Group,#999999,24.4.2024,0
1,86,4.75,0.3,0.26,0.87,0.2,0.12,0.57,58.29,35.28,0.61,48.34,30.63,96,57.6,27.94,0.49,52.68,26.93,92.82,5/3/2024,M04632,2,65,DOP9 W3 Organoids M04632,9,Default Group,#999999,24.4.2024,0
1,87,8.08,0.4,0.35,0.86,0.28,0.13,0.8,59.51,38.27,0.64,47.82,33.07,95.3,62.85,26.98,0.43,59.55,31.51,99.14,5/3/2024,M04632,3,65,DOP9 W3 Organoids M04632,9,Default Group,#999999,24.4.2024,0
1,88,8.1,0.43,0.36,0.85,0.3,0.13,0.88,60.08,38.74,0.64,48.68,34.24,96.28,61.92,29.92,0.48,56.63,29.87,100.92,5/3/2024,M04632,4,65,DOP9 W3 Organoids M04632,9,Default Group,#999999,24.4.2024,0
1,89,8.17,0.51,0.5,0.99,0.32,0.13,1.15,52.95,35.87,0.68,44.64,31.46,80.3,59.22,30.61,0.52,54.4,25.06,97.92,5/3/2024,M04632,5,65,DOP9 W3 Organoids M04632,9,Default Group,#999999,24.4.2024,0
1,90,0.02,0.16,0.01,0.09,0.16,0.15,0.17,32.5,13.93,0.43,32.5,24.62,40.38,3.3,N/A,N/A,3.3,3.3,3.3,5/3/2024,M04632,6,65,DOP9 W3 Organoids M04632,9,Default Group,#999999,24.4.2024,0
1,91,6.3,0.35,0.27,0.78,0.25,0.13,0.68,70.15,37.65,0.54,58.37,40.79,113.49,94.15,39.06,0.41,95.05,42.54,144.5,5/3/2024,M05368,1,67,DOP9 W3 Organoids M05368,9,Default Group,#999999,24.4.2024,0
1,92,4.37,0.34,0.26,0.79,0.23,0.13,0.7,70.72,61.62,0.87,52.84,36.79,121.24,59.47,30.43,0.51,52.23,29.33,101.25,5/3/2024,M05368,2,67,DOP9 W3 Organoids M05368,9,Default Group,#999999,24.4.2024,0
1,93,8.43,0.36,0.23,0.64,0.28,0.13,0.67,64.62,32.45,0.5,55.18,37.08,103.71,117.68,35.07,0.3,118.8,77.36,160.78,5/3/2024,M05368,3,67,DOP9 W3 Organoids M05368,9,Default Group,#999999,24.4.2024,0
1,94,1.61,0.19,0.18,0.93,0.15,0.12,0.28,65.6,46.59,0.71,57.03,39.02,94.09,95.47,54.69,0.57,103.5,4.78,158.44,5/3/2024,M05368,4,67,DOP9 W3 Organoids M05368,9,Default Group,#999999,24.4.2024,0
1,95,0.82,0.25,0.15,0.62,0.18,0.12,0.5,47.11,14.97,0.32,43.2,32.91,66.8,98.28,60.25,0.61,117.4,0.3,160.4,5/3/2024,M05368,5,67,DOP9 W3 Organoids M05368,9,Default Group,#999999,24.4.2024,0
1,96,0.29,4.85,6.17,1.27,0.32,0.13,13.27,76.17,47.91,0.63,47.03,29.93,138.95,72.7,29.56,0.41,59.76,58.53,111.04,5/3/2024,M05368,6,67,DOP9 W3 Organoids M05368,9,Default Group,#999999,24.4.2024,0
1,97,6.01,0.51,0.48,0.95,0.33,0.13,1.08,80.9,84.33,1.04,56.32,30.83,144.46,61.61,30.34,0.49,55.28,29.66,102.04,5/6/2024,M05357,1,69,DOP12 W3 Organoids M05357,12,Default Group,#999999,24.4.2024,0
1,98,12.34,0.46,0.43,0.92,0.3,0.13,1,72.67,61.36,0.84,54.5,35.22,130.8,55.38,27.04,0.49,49.02,27.97,91.24,5/6/2024,M05357,2,69,DOP12 W3 Organoids M05357,12,Default Group,#999999,24.4.2024,0
1,99,10.13,0.44,0.39,0.88,0.3,0.13,0.9,71.9,52.26,0.73,54.49,35.89,126.56,58.76,29.26,0.5,51.88,28.82,95.73,5/6/2024,M05357,3,69,DOP12 W3 Organoids M05357,12,Default Group,#999999,24.4.2024,0
1,100,9.93,0.4,0.34,0.87,0.27,0.13,0.88,65.36,71.19,1.09,47.06,32.17,104.85,58.26,28.6,0.49,52.21,28.16,93.4,5/6/2024,M05357,4,69,DOP12 W3 Organoids M05357,12,Default Group,#999999,24.4.2024,0
1,101,10.64,0.46,1.2,2.6,0.25,0.13,0.68,65.34,44.64,0.68,52.06,35.65,107.81,54.14,26.83,0.5,48.87,25.75,88.77,5/6/2024,M05357,5,69,DOP12 W3 Organoids M05357,12,Default Group,#999999,24.4.2024,0
1,102,13.73,0.39,0.33,0.85,0.28,0.13,0.75,64.06,42.28,0.66,50.8,33.58,107.71,55.29,25.74,0.47,50.38,28.52,89.56,5/6/2024,M05357,6,69,DOP12 W3 Organoids M05357,12,Default Group,#999999,24.4.2024,0
1,103,7.36,0.35,0.29,0.83,0.25,0.13,0.67,66.32,52.01,0.78,52.98,34.26,107.1,59.97,30.9,0.52,53.64,28.1,103.45,5/6/2024,M04707,1,71,DOP12 W3 Organoids M04707,12,Default Group,#999999,24.4.2024,0
1,104,5.86,0.26,0.16,0.61,0.22,0.12,0.48,71.64,48.93,0.68,55.98,36.75,121.68,55.06,28.87,0.52,49.27,27.92,91.93,5/6/2024,M04707,2,71,DOP12 W3 Organoids M04707,12,Default Group,#999999,24.4.2024,0
1,105,3.74,0.21,0.11,0.52,0.17,0.12,0.32,70.23,42.88,0.61,56.8,37.36,121.02,46.75,29.32,0.63,38.06,21.64,86.28,5/6/2024,M04707,3,71,DOP12 W3 Organoids M04707,12,Default Group,#999999,24.4.2024,0
1,106,10.38,0.37,0.29,0.77,0.28,0.13,0.73,62.25,45.49,0.73,48.52,32.61,98.53,58.36,29.14,0.5,51.86,27.48,98.13,5/6/2024,M04707,4,71,DOP12 W3 Organoids M04707,12,Default Group,#999999,24.4.2024,0
1,107,4.86,0.3,0.26,0.87,0.22,0.12,0.57,65.79,45.64,0.69,53.95,36.59,98.85,54.99,32.57,0.59,43.2,24.83,107.75,5/6/2024,M04707,5,71,DOP12 W3 Organoids M04707,12,Default Group,#999999,24.4.2024,0
1,108,2.28,0.21,0.11,0.5,0.17,0.12,0.35,63.47,46.1,0.73,50.56,34.78,101.88,57.51,41.33,0.72,42.97,25.28,116.04,5/6/2024,M04707,6,71,DOP12 W3 Organoids M04707,12,Default Group,#999999,24.4.2024,0
1,109,12.8,0.43,0.35,0.82,0.32,0.13,0.88,68.52,49.87,0.73,52.43,33.87,119.84,57.25,28.58,0.5,50.55,28.66,93.25,5/6/2024,M04632,1,73,DOP12 W3 Organoids M04632,12,Default Group,#999999,24.4.2024,0
1,110,7.4,0.3,0.21,0.7,0.22,0.12,0.57,64.46,42.05,0.65,52.02,32.3,112.74,56.25,28.73,0.51,49.61,27.05,93.45,5/6/2024,M04632,2,73,DOP12 W3 Organoids M04632,12,Default Group,#999999,24.4.2024,0
1,111,11.3,0.33,0.24,0.73,0.25,0.13,0.65,63.01,48.35,0.77,49.41,33.27,101.64,57.79,29.36,0.51,50.77,27.47,98.02,5/6/2024,M04632,3,73,DOP12 W3 Organoids M04632,12,Default Group,#999999,24.4.2024,0
1,112,11.22,0.39,0.38,0.97,0.28,0.13,0.77,60.84,39.59,0.65,48.61,33.29,98.57,61.03,31.82,0.52,53.8,27.25,106.51,5/6/2024,M04632,4,73,DOP12 W3 Organoids M04632,12,Default Group,#999999,24.4.2024,0
1,113,11.83,0.46,0.47,1.01,0.3,0.13,0.98,56.23,39.21,0.7,44.54,31.94,88.03,62.46,29.95,0.48,57.28,29.57,101.34,5/6/2024,M04632,5,73,DOP12 W3 Organoids M04632,12,Default Group,#999999,24.4.2024,0
1,114,0.03,0.14,0.01,0.11,0.14,0.12,0.15,24.03,1.69,0.07,23.73,22.62,25.67,N/A,N/A,N/A,N/A,N/A,N/A,5/6/2024,M04632,6,73,DOP12 W3 Organoids M04632,12,Default Group,#999999,24.4.2024,0
1,115,11.56,0.32,0.23,0.71,0.25,0.13,0.6,73.64,40.51,0.55,61.68,41.39,116.22,84.53,41.18,0.49,81.4,33.46,140.12,5/6/2024,M05368,1,75,DOP12 W3 Organoids M05368,12,Default Group,#999999,24.4.2024,0
1,116,6.9,0.31,0.22,0.71,0.23,0.12,0.58,71.64,50.19,0.7,55.71,37.38,121.21,51.43,26.78,0.52,44.9,26.86,79.64,5/6/2024,M05368,2,75,DOP12 W3 Organoids M05368,12,Default Group,#999999,24.4.2024,0
1,117,14.83,0.39,0.26,0.66,0.32,0.13,0.75,73.63,52.63,0.71,59.62,37.88,122,110.35,34.83,0.32,109.98,69.95,151.84,5/6/2024,M05368,3,75,DOP12 W3 Organoids M05368,12,Default Group,#999999,24.4.2024,0
1,118,6.27,0.24,0.14,0.58,0.2,0.12,0.42,75.93,47.02,0.62,62.68,40.9,126.3,98.54,54.78,0.56,104.6,11.96,170.48,5/6/2024,M05368,4,75,DOP12 W3 Organoids M05368,12,Default Group,#999999,24.4.2024,0
1,119,2.79,0.26,0.16,0.63,0.2,0.12,0.47,55.79,24.01,0.43,48.58,36.2,87.44,93.49,56.19,0.6,85.2,16,172.4,5/6/2024,M05368,5,75,DOP12 W3 Organoids M05368,12,Default Group,#999999,24.4.2024,0
1,120,0.24,5.58,6.09,1.09,0.2,0.12,12.53,84.98,52.95,0.62,47,29.87,144.58,70.24,32.59,0.46,61.74,59.61,64.13,5/6/2024,M05368,6,75,DOP12 W3 Organoids M05368,12,Default Group,#999999,24.4.2024,0
1,121,8.09,0.54,0.49,0.9,0.37,0.13,1.21,90.31,87.9,0.97,65.25,34.49,170.63,60.87,27.45,0.45,55.09,33.12,97.29,5/8/2024,M05357,1,81,DOP14 W3 Organoids M05357,14,Default Group,#999999,24.4.2024,0
1,122,15.42,0.49,0.5,1.03,0.32,0.13,1.06,78.05,62.34,0.8,58.69,36.47,136.95,56.41,26.82,0.48,50.51,28.11,94.69,5/8/2024,M05357,2,81,DOP14 W3 Organoids M05357,14,Default Group,#999999,24.4.2024,0
1,123,13.4,0.48,0.42,0.86,0.33,0.13,1,77.4,57.43,0.74,59.58,35.21,142.77,57.04,26.53,0.47,51.64,28.95,92.14,5/8/2024,M05357,3,81,DOP14 W3 Organoids M05357,14,Default Group,#999999,24.4.2024,0
1,124,13.52,0.39,0.32,0.83,0.27,0.13,0.78,67.37,70.2,1.04,48.49,32.55,110.09,61.23,30.04,0.49,54.77,29.4,103.11,5/8/2024,M05357,4,81,DOP14 W3 Organoids M05357,14,Default Group,#999999,24.4.2024,0
1,125,14.47,0.44,0.87,1.98,0.28,0.13,0.73,68.17,49.66,0.73,53.51,35.47,112.68,55.87,27.42,0.49,50.08,26.89,92.4,5/8/2024,M05357,5,81,DOP14 W3 Organoids M05357,14,Default Group,#999999,24.4.2024,0
1,126,18.88,0.43,0.37,0.86,0.32,0.13,0.82,66.14,43.18,0.65,52.44,34.37,113.01,55.05,23.66,0.43,50.64,29.58,85.64,5/8/2024,M05357,6,81,DOP14 W3 Organoids M05357,14,Default Group,#999999,24.4.2024,0
1,127,10.72,0.36,0.32,0.88,0.25,0.13,0.7,71.68,53.26,0.74,56.46,34.82,119.06,59.95,29.46,0.49,53.4,29.33,99.13,5/8/2024,M04707,1,83,DOP14 W3 Organoids M04707,14,Default Group,#999999,24.4.2024,0
1,128,8.24,0.27,0.16,0.61,0.22,0.12,0.47,75,56.9,0.76,57.53,35.95,135.13,51.91,29.45,0.57,44.18,23.93,89.34,5/8/2024,M04707,2,83,DOP14 W3 Organoids M04707,14,Default Group,#999999,24.4.2024,0
1,129,4.61,0.2,0.09,0.45,0.17,0.12,0.32,76.31,61.69,0.81,58.35,36.08,134.56,46.2,28.31,0.61,39.95,20.57,81.5,5/8/2024,M04707,3,83,DOP14 W3 Organoids M04707,14,Default Group,#999999,24.4.2024,0
1,130,13.86,0.36,0.27,0.76,0.27,0.13,0.68,64.51,49.02,0.76,49.51,33.08,108.48,56.05,28.07,0.5,49.57,28.35,93.05,5/8/2024,M04707,4,83,DOP14 W3 Organoids M04707,14,Default Group,#999999,24.4.2024,0
1,131,7.95,0.27,0.22,0.8,0.2,0.12,0.48,70.46,49.03,0.7,55.12,36.9,117.93,48.64,26.92,0.55,40.08,23.72,88.9,5/8/2024,M04707,5,83,DOP14 W3 Organoids M04707,14,Default Group,#999999,24.4.2024,0
1,132,2.67,0.2,0.09,0.48,0.17,0.12,0.35,68.31,52.19,0.76,54.24,36.08,110.58,51.67,36.46,0.71,39.6,21.2,104.77,5/8/2024,M04707,6,83,DOP14 W3 Organoids M04707,14,Default Group,#999999,24.4.2024,0
1,133,17.86,0.43,0.34,0.79,0.32,0.13,0.87,76.13,56.77,0.75,57.5,35.05,136.59,54.03,25.14,0.47,48.68,28.71,85.75,5/8/2024,M04632,1,87,DOP14 W3 Organoids M04632,14,Default Group,#999999,24.4.2024,0
1,134,10.15,0.31,0.22,0.7,0.23,0.13,0.58,70.74,48.49,0.69,55.14,33.07,128.31,55.11,29.01,0.53,47.07,26.85,96.37,5/8/2024,M04632,2,87,DOP14 W3 Organoids M04632,14,Default Group,#999999,24.4.2024,0
1,135,15.58,0.36,0.26,0.72,0.28,0.13,0.7,65.71,53.97,0.82,50.41,33.02,109.16,56.07,26.8,0.48,50.47,27.51,94.05,5/8/2024,M04632,3,87,DOP14 W3 Organoids M04632,14,Default Group,#999999,24.4.2024,0
1,136,15.45,0.37,0.33,0.87,0.27,0.13,0.73,65.13,53.19,0.82,50.4,32.96,104.99,54.27,28.4,0.52,48.24,26.1,91.34,5/8/2024,M04632,4,87,DOP14 W3 Organoids M04632,14,Default Group,#999999,24.4.2024,0
1,137,10.51,0.43,0.49,1.13,0.27,0.13,0.93,56.01,38.16,0.68,45.18,31.91,88.22,54.27,32.5,0.6,46.33,22.6,96.33,5/8/2024,M04632,5,87,DOP14 W3 Organoids M04632,14,Default Group,#999999,24.4.2024,0
1,138,0.08,0.21,0.13,0.62,0.15,0.13,0.45,34.24,23.86,0.7,25.53,22.26,61.78,104.68,19.82,0.19,104.68,93.47,115.9,5/8/2024,M04632,6,87,DOP14 W3 Organoids M04632,14,Default Group,#999999,24.4.2024,0
1,139,18.17,0.36,0.25,0.7,0.28,0.13,0.7,81.72,50.58,0.62,67.39,42.5,132.29,89.79,39.14,0.44,89.79,38.03,140.72,5/8/2024,M05368,1,89,DOP14 W3 Organoids M05368,14,Default Group,#999999,24.4.2024,0
1,140,11.26,0.33,0.25,0.75,0.25,0.13,0.63,79.48,66.51,0.84,57.27,36.46,147.77,52.24,27.91,0.53,45.13,27.3,85.52,5/8/2024,M05368,2,89,DOP14 W3 Organoids M05368,14,Default Group,#999999,24.4.2024,0
1,141,20.52,0.47,0.31,0.67,0.4,0.15,0.88,78.74,53.36,0.68,64.83,38.72,133.03,111.59,35.53,0.32,112.7,69.12,156.36,5/8/2024,M05368,3,89,DOP14 W3 Organoids M05368,14,Default Group,#999999,24.4.2024,0
1,142,9.22,0.26,0.15,0.59,0.22,0.12,0.47,77.96,45.36,0.58,64.37,42.58,126.2,96.19,52.89,0.55,95.3,18.8,168.92,5/8/2024,M05368,4,89,DOP14 W3 Organoids M05368,14,Default Group,#999999,24.4.2024,0
1,143,3.67,0.28,0.18,0.65,0.22,0.12,0.52,55.77,24.33,0.44,48.24,36.5,83.16,97.54,52.3,0.54,100.55,18.18,168.94,5/8/2024,M05368,5,89,DOP14 W3 Organoids M05368,14,Default Group,#999999,24.4.2024,0
1,144,0.23,5.95,6.3,1.06,0.3,0.12,12.82,84.41,50.81,0.6,48.26,31.51,139.15,65.96,23.16,0.35,60.26,57.32,63.42,5/8/2024,M05368,6,89,DOP14 W3 Organoids M05368,14,Default Group,#999999,24.4.2024,0
1,145,9.88,0.59,0.52,0.87,0.42,0.13,1.31,95.04,87.35,0.92,66.5,34.26,188.77,59.97,24.61,0.41,54.36,34.13,90.96,5/10/2024,M05357,1,95,DOP16 W3 Organoids M05357,16,Default Group,#999999,24.4.2024,0
1,146,19.54,0.5,0.45,0.9,0.35,0.13,1.05,79.03,64.03,0.81,58.92,36.32,141.14,56.02,27.06,0.48,50.68,28.42,90.52,5/10/2024,M05357,2,95,DOP16 W3 Organoids M05357,16,Default Group,#999999,24.4.2024,0
1,147,18.52,0.57,0.49,0.86,0.4,0.15,1.23,88.96,83.42,0.94,64.36,36.17,159.16,57.43,25.28,0.44,52.5,30.18,91.58,5/10/2024,M05357,3,95,DOP16 W3 Organoids M05357,16,Default Group,#999999,24.4.2024,0
1,148,18.27,0.44,0.39,0.89,0.32,0.13,0.95,66.18,67.08,1.01,48.9,32.6,108.1,60.27,29.97,0.5,54.72,28.01,99.25,5/10/2024,M05357,4,95,DOP16 W3 Organoids M05357,16,Default Group,#999999,24.4.2024,0
1,149,19.7,0.49,0.76,1.55,0.32,0.13,0.88,74.86,58.25,0.78,56.96,36.37,128.1,55.69,26.31,0.47,50.25,28.35,91.02,5/10/2024,M05357,5,95,DOP16 W3 Organoids M05357,16,Default Group,#999999,24.4.2024,0
1,150,24.39,0.5,0.42,0.85,0.37,0.15,1.01,69.59,48.59,0.7,54.02,34.94,120.74,55.97,25.16,0.45,49.92,30.21,89.92,5/10/2024,M05357,6,95,DOP16 W3 Organoids M05357,16,Default Group,#999999,24.4.2024,0
1,151,14.21,0.37,0.33,0.89,0.27,0.13,0.7,77.45,58.11,0.75,59.43,35.41,133.35,58.48,28.16,0.48,52.91,29.32,95.28,5/10/2024,M04707,1,97,DOP16 W3 Organoids M04707,16,Default Group,#999999,24.4.2024,0
1,152,12.4,0.31,0.23,0.74,0.23,0.13,0.58,77.32,62.41,0.81,58.81,36.82,132.8,50.74,27.41,0.54,44.02,25.67,82.45,5/10/2024,M04707,2,97,DOP16 W3 Organoids M04707,16,Default Group,#999999,24.4.2024,0
1,153,10.22,0.23,0.11,0.51,0.2,0.12,0.37,72.26,51.5,0.71,56.54,36.29,122.12,51.34,36.93,0.72,38.19,20.3,101.85,5/10/2024,M04707,3,97,DOP16 W3 Organoids M04707,16,Default Group,#999999,24.4.2024,0
1,154,20.13,0.42,0.34,0.81,0.32,0.13,0.86,67.65,52.21,0.77,51.77,33.55,113.18,58.33,28.3,0.49,51.86,29.36,94.57,5/10/2024,M04707,4,97,DOP16 W3 Organoids M04707,16,Default Group,#999999,24.4.2024,0
1,155,12.93,0.31,0.24,0.76,0.23,0.13,0.6,72.91,51.55,0.71,56.02,36.86,127.43,51.68,29.21,0.57,43.64,24.56,94.91,5/10/2024,M04707,5,97,DOP16 W3 Organoids M04707,16,Default Group,#999999,24.4.2024,0
1,156,6.27,0.23,0.12,0.51,0.18,0.12,0.38,68.11,53.75,0.79,51.72,35.97,115.23,56.71,35.22,0.62,46.73,25.24,101.26,5/10/2024,M04707,6,97,DOP16 W3 Organoids M04707,16,Default Group,#999999,24.4.2024,0
1,157,21.73,0.54,0.46,0.85,0.4,0.15,1.11,69.22,50.55,0.73,52.9,34.16,120.93,52.52,25.26,0.48,47.49,28.02,82.49,5/10/2024,M04632,1,100,DOP16 W3 Organoids M04632,16,Default Group,#999999,24.4.2024,0
1,158,14.68,0.4,0.32,0.81,0.3,0.13,0.8,73.47,57.48,0.78,56.28,33.48,134.29,53.57,28.06,0.52,46.7,26.9,89.7,5/10/2024,M04632,2,100,DOP16 W3 Organoids M04632,16,Default Group,#999999,24.4.2024,0
1,159,20.49,0.42,0.32,0.77,0.32,0.13,0.85,66.35,57.68,0.87,49.26,33.05,111.75,56.09,27.74,0.49,50.27,28,91.83,5/10/2024,M04632,3,100,DOP16 W3 Organoids M04632,16,Default Group,#999999,24.4.2024,0
1,160,21.99,0.44,0.41,0.93,0.3,0.13,0.9,64.87,53.36,0.82,49.83,32.4,107.65,54.27,27.64,0.51,47.8,26.72,91.61,5/10/2024,M04632,4,100,DOP16 W3 Organoids M04632,16,Default Group,#999999,24.4.2024,0
1,161,11.76,0.45,0.53,1.18,0.27,0.13,0.92,57.04,38.35,0.67,46.23,30.81,90.63,54.1,33.32,0.62,44,22.62,104.4,5/10/2024,M04632,5,100,DOP16 W3 Organoids M04632,16,Default Group,#999999,24.4.2024,0
1,162,0.05,0.13,0.02,0.16,0.12,0.12,0.16,22.48,1.2,0.05,22.26,21.36,23.81,N/A,N/A,N/A,N/A,N/A,N/A,5/10/2024,M04632,6,100,DOP16 W3 Organoids M04632,16,Default Group,#999999,24.4.2024,0
1,163,23.68,0.4,0.29,0.71,0.32,0.13,0.77,88.24,70.01,0.79,70.98,43.91,146.67,85.38,38.81,0.45,83.75,34.1,134.83,5/10/2024,M05368,1,102,DOP16 W3 Organoids M05368,16,Default Group,#999999,24.4.2024,0
1,164,14.99,0.37,0.29,0.78,0.28,0.13,0.73,79.19,67.96,0.86,58.26,36.99,140.89,51.41,23.07,0.45,46.62,26.98,81.33,5/10/2024,M05368,2,102,DOP16 W3 Organoids M05368,16,Default Group,#999999,24.4.2024,0
1,165,25.42,0.52,0.35,0.68,0.43,0.15,1,82.86,56.92,0.69,66.74,39.21,143.1,109.12,33.35,0.31,109.51,71.48,148.99,5/10/2024,M05368,3,102,DOP16 W3 Organoids M05368,16,Default Group,#999999,24.4.2024,0
1,166,11.21,0.28,0.17,0.61,0.23,0.13,0.52,80.46,51.83,0.64,65.93,42.54,134.65,94.55,52.63,0.56,97.22,10.07,162.9,5/10/2024,M05368,4,102,DOP16 W3 Organoids M05368,16,Default Group,#999999,24.4.2024,0
1,167,4.3,0.27,0.17,0.65,0.2,0.12,0.52,55.63,27.55,0.5,47.68,35.98,83.64,93.27,47.61,0.51,98.3,27.8,151.5,5/10/2024,M05368,5,102,DOP16 W3 Organoids M05368,16,Default Group,#999999,24.4.2024,0
1,168,0.28,5.1,6.21,1.22,0.3,0.13,13.18,84.24,45.94,0.55,85.38,31.16,138.69,78.97,45.55,0.58,59.82,52.69,160.62,5/10/2024,M05368,6,102,DOP16 W3 Organoids M05368,16,Default Group,#999999,24.4.2024,0
