Group,,instance,neuron,electrodeNo,x,y,neuronConductionVel,totalAxonLen,longestBranchLen,longestDistFromInitSite,longestLat,amplitudeInitSite,totNoSpikes,neuronFiringRate,isiViolationRate,fisherProjectionDistance,silhouetteScore,spikesNoPerConfig_mean,completeness,date,wellplateID,wellNo,runID,assayTag,div,wellGroupName,wellGroupColor,Cell Type,Media Type,Plating Date,control
Group,Instance,Instance,,Electrode Number,x Position,y Position,Neuron Conduction Velocity,Total Axon Length, Longest Branch Length,Longest Distance From Initiation Site,Longest Latency,Amplitude at Initiation Site,Total Number of Spikes,Neuron Firing Rate,ISI Violation Rate,Fisher Projection Distance,Silhouette Score,Mean Number Spikes per Config,Footprint Completeness,Date,Wellplate ID,Well Number,Assay Run ID,Assay Tag,DIV,Well Group Name,Well Group Color,,,,Control
1,0,1,3,17012,1260,1347.5,0.3,112.2,112.2,117.4,0.5,1195.7,321,0.23,0,19.32,0.77,13,0.78,5/23/2024,M05357,1,175,DOP W3 Organoids M05357,29,Default Group,#999999,Organoids,Diff Media,24.4.2024,0
1,1,1,7,6884,1120,542.5,0.414,765.1,408.1,302.1,1,665.5,1936,1.4,0,11,0.7,84,1,5/23/2024,M05357,1,175,DOP W3 Organoids M05357,29,Default Group,#999999,Organoids,Diff Media,24.4.2024,0
1,2,1,12,24267,1172.5,1925,N/A,N/A,N/A,N/A,N/A,839.5,699,0.51,0,12.32,0.73,30,1,5/23/2024,M05357,1,175,DOP W3 Organoids M05357,29,Default Group,#999999,Organoids,Diff Media,24.4.2024,0
1,3,1,13,3746,105,297.5,0.327,94.7,94.7,89.2,0.35,792.4,575,0.42,0,6.9,0.66,25,0.96,5/23/2024,M05357,1,175,DOP W3 Organoids M05357,29,Default Group,#999999,Organoids,Diff Media,24.4.2024,0
1,4,1,17,24283,1452.5,1925,0.306,517,273.9,879.4,1.1,621.7,466,0.34,3.19,4.16,0.52,20,1,5/23/2024,M05357,1,175,DOP W3 Organoids M05357,29,Default Group,#999999,Organoids,Diff Media,24.4.2024,0
1,5,1,24,5086,455,402.5,N/A,N/A,N/A,N/A,N/A,732.5,975,0.7,0.36,18.17,0.78,42,1,5/23/2024,M05357,1,175,DOP W3 Organoids M05357,29,Default Group,#999999,Organoids,Diff Media,24.4.2024,0
1,6,1,30,5763,752.5,455,N/A,N/A,N/A,N/A,N/A,383.7,693,0.5,0,10.64,0.57,30,1,5/23/2024,M05357,1,175,DOP W3 Organoids M05357,29,Default Group,#999999,Organoids,Diff Media,24.4.2024,0
1,7,1,31,5805,1487.5,455,0.428,559.2,217.2,210.7,0.7,635.7,517,0.37,6.47,6.35,0.69,22,1,5/23/2024,M05357,1,175,DOP W3 Organoids M05357,29,Default Group,#999999,Organoids,Diff Media,24.4.2024,0
1,8,1,35,20106,1505,1592.5,0.378,169.9,169.9,141.1,0.45,549.6,4399,3.18,0,N/A,N/A,191,1,5/23/2024,M05357,1,175,DOP W3 Organoids M05357,29,Default Group,#999999,Organoids,Diff Media,24.4.2024,0
1,9,1,43,15700,1400,1242.5,0.25,94.7,94.7,102,0.5,1196.6,291,0.21,0,27.43,0.79,12,0.65,5/23/2024,M05357,1,175,DOP W3 Organoids M05357,29,Default Group,#999999,Organoids,Diff Media,24.4.2024,0
1,10,1,44,21444,1820,1697.5,0.55,137,137,144.3,0.25,394.2,342,0.25,0,8.77,0.67,14,0.61,5/23/2024,M05357,1,175,DOP W3 Organoids M05357,29,Default Group,#999999,Organoids,Diff Media,24.4.2024,0
1,11,1,46,3581,1067.5,280,0.395,201.9,201.9,112.1,0.5,248.5,647,0.47,0,3.81,0.46,28,1,5/23/2024,M05357,1,175,DOP W3 Organoids M05357,29,Default Group,#999999,Organoids,Diff Media,24.4.2024,0
1,12,1,47,471,542.5,35,N/A,N/A,N/A,N/A,N/A,550.8,793,0.57,0,12.24,0.54,34,1,5/23/2024,M05357,1,175,DOP W3 Organoids M05357,29,Default Group,#999999,Organoids,Diff Media,24.4.2024,0
1,13,1,49,3099,332.5,245,0.394,290.5,146.3,1106.9,4.2,685.4,842,0.61,0,3.89,0.7,36,0.83,5/23/2024,M05357,1,175,DOP W3 Organoids M05357,29,Default Group,#999999,Organoids,Diff Media,24.4.2024,0
1,14,1,50,23148,840,1837.5,0.369,428.5,291.5,416,1.25,220.9,1262,0.91,0,6.7,0.53,54,1,5/23/2024,M05357,1,175,DOP W3 Organoids M05357,29,Default Group,#999999,Organoids,Diff Media,24.4.2024,0
1,15,1,52,21344,70,1697.5,0.445,716.7,273.7,485.3,0.95,172,392,0.28,0,7.22,0.51,17,0.78,5/23/2024,M05357,1,175,DOP W3 Organoids M05357,29,Default Group,#999999,Organoids,Diff Media,24.4.2024,0
1,16,1,56,25085,87.5,1995,N/A,N/A,N/A,N/A,N/A,123.9,270,0.2,0,1.3,0.09,11,0.74,5/23/2024,M05357,1,175,DOP W3 Organoids M05357,29,Default Group,#999999,Organoids,Diff Media,24.4.2024,0
1,17,1,57,15718,1715,1242.5,N/A,N/A,N/A,N/A,N/A,195.5,244,0.18,5.81,4.31,0.61,10,0.87,5/23/2024,M05357,1,175,DOP W3 Organoids M05357,29,Default Group,#999999,Organoids,Diff Media,24.4.2024,0
1,18,2,3,18199,2782.5,1435,0.377,1732.1,680.9,892.3,3,932.3,734,0.41,0,10.42,0.73,24,1,5/23/2024,M05357,2,175,DOP W3 Organoids M05357,29,Default Group,#999999,Organoids,Diff Media,24.4.2024,0
1,19,2,4,20271,542.5,1610,0.41,1096.6,345.2,645.4,2.75,770.9,498,0.28,0,11.92,0.74,16,0.97,5/23/2024,M05357,2,175,DOP W3 Organoids M05357,29,Default Group,#999999,Organoids,Diff Media,24.4.2024,0
1,20,2,12,4340,2800,332.5,0.366,1271.8,306.2,1492.5,2.3,678.7,1630,0.9,0,9.67,0.71,54,1,5/23/2024,M05357,2,175,DOP W3 Organoids M05357,29,Default Group,#999999,Organoids,Diff Media,24.4.2024,0
1,21,2,14,20964,1120,1662.5,0.358,302.8,158.6,211.5,0.7,441.6,1053,0.58,0,12.17,0.69,35,1,5/23/2024,M05357,2,175,DOP W3 Organoids M05357,29,Default Group,#999999,Organoids,Diff Media,24.4.2024,0
1,22,2,15,13839,3482.5,1085,0.513,348.1,228.6,250.6,0.6,543.3,438,0.24,0,8.27,0.73,14,0.83,5/23/2024,M05357,2,175,DOP W3 Organoids M05357,29,Default Group,#999999,Organoids,Diff Media,24.4.2024,0
1,23,2,17,8521,2817.5,665,0.392,507.1,278.1,235.4,0.8,504.2,520,0.29,0,9.55,0.6,17,0.87,5/23/2024,M05357,2,175,DOP W3 Organoids M05357,29,Default Group,#999999,Organoids,Diff Media,24.4.2024,0
1,24,2,18,10366,455,822.5,0.495,123.7,123.7,149.5,0.5,566.2,901,0.5,0,16.41,0.71,30,1,5/23/2024,M05357,2,175,DOP W3 Organoids M05357,29,Default Group,#999999,Organoids,Diff Media,24.4.2024,0
1,25,2,19,4264,1470,332.5,N/A,N/A,N/A,N/A,N/A,667.2,432,0.24,0,9.73,0.59,14,0.73,5/23/2024,M05357,2,175,DOP W3 Organoids M05357,29,Default Group,#999999,Organoids,Diff Media,24.4.2024,0
1,26,2,25,18535,962.5,1470,0.45,270.9,144.2,466,1.1,609.3,360,0.2,0,27.55,0.88,12,0.73,5/23/2024,M05357,2,175,DOP W3 Organoids M05357,29,Default Group,#999999,Organoids,Diff Media,24.4.2024,0
1,27,2,26,25394,1645,2012.5,0.442,221.4,221.4,141.1,0.45,529.8,358,0.2,0,31.08,0.82,11,0.73,5/23/2024,M05357,2,175,DOP W3 Organoids M05357,29,Default Group,#999999,Organoids,Diff Media,24.4.2024,0
1,28,2,29,8843,752.5,700,0.333,504.2,504.2,446.2,1.65,378.4,919,0.51,0,16.62,0.72,30,1,5/23/2024,M05357,2,175,DOP W3 Organoids M05357,29,Default Group,#999999,Organoids,Diff Media,24.4.2024,0
1,29,2,30,21856,1330,1732.5,0.388,115.1,115.1,310.1,1.1,432,816,0.45,195.11,3.92,0.5,27,1,5/23/2024,M05357,2,175,DOP W3 Organoids M05357,29,Default Group,#999999,Organoids,Diff Media,24.4.2024,0
1,30,2,31,22145,2537.5,1750,0.382,376.9,278,193.3,0.85,265.3,313,0.17,0,9.57,0.68,10,0.63,5/23/2024,M05357,2,175,DOP W3 Organoids M05357,29,Default Group,#999999,Organoids,Diff Media,24.4.2024,0
1,31,2,32,3549,507.5,280,0.4,445.9,214.2,188.5,0.6,376.4,1798,1,0,6.65,0.49,59,1,5/23/2024,M05357,2,175,DOP W3 Organoids M05357,29,Default Group,#999999,Organoids,Diff Media,24.4.2024,0
1,32,2,33,21301,3167.5,1680,0.452,1975.7,597.4,462,1.5,439,1863,1.03,0,6.37,0.45,62,1,5/23/2024,M05357,2,175,DOP W3 Organoids M05357,29,Default Group,#999999,Organoids,Diff Media,24.4.2024,0
1,33,2,34,21986,3605,1732.5,0.498,119.5,119.5,1122.2,3.35,374,1075,0.6,0,7.95,0.57,35,1,5/23/2024,M05357,2,175,DOP W3 Organoids M05357,29,Default Group,#999999,Organoids,Diff Media,24.4.2024,0
1,34,2,35,1606,1155,122.5,0.361,673.9,300,189.3,0.95,885.2,1018,0.56,0,15.73,0.75,33,1,5/23/2024,M05357,2,175,DOP W3 Organoids M05357,29,Default Group,#999999,Organoids,Diff Media,24.4.2024,0
1,35,2,37,20186,2905,1592.5,0.408,443.1,157.5,172.4,0.45,841.6,684,0.38,0,9.14,0.54,22,1,5/23/2024,M05357,2,175,DOP W3 Organoids M05357,29,Default Group,#999999,Organoids,Diff Media,24.4.2024,0
1,36,2,38,14334,595,1137.5,N/A,N/A,N/A,N/A,N/A,517.8,417,0.23,0,12.62,0.73,13,0.7,5/23/2024,M05357,2,175,DOP W3 Organoids M05357,29,Default Group,#999999,Organoids,Diff Media,24.4.2024,0
1,37,2,39,20614,2695,1627.5,0.364,504.7,259.5,2027.1,3.55,335,440,0.24,0,10,0.71,14,0.87,5/23/2024,M05357,2,175,DOP W3 Organoids M05357,29,Default Group,#999999,Organoids,Diff Media,24.4.2024,0
1,38,2,43,12752,3710,997.5,0.392,385.9,164.7,3281.7,1.8,264,787,0.44,0,N/A,N/A,26,1,5/23/2024,M05357,2,175,DOP W3 Organoids M05357,29,Default Group,#999999,Organoids,Diff Media,24.4.2024,0
1,39,2,44,19146,105,1522.5,0.352,443.9,193.6,141.1,0.7,619.2,805,0.45,0,12.21,0.66,26,1,5/23/2024,M05357,2,175,DOP W3 Organoids M05357,29,Default Group,#999999,Organoids,Diff Media,24.4.2024,0
1,40,2,46,22607,2922.5,1785,0.326,1022,481.8,498.1,2.2,353,399,0.22,0,15.44,0.63,13,0.73,5/23/2024,M05357,2,175,DOP W3 Organoids M05357,29,Default Group,#999999,Organoids,Diff Media,24.4.2024,0
1,41,2,49,23787,472.5,1890,0.451,91.7,91.7,112.1,0.25,373.3,395,0.22,0,6.97,0.67,13,0.9,5/23/2024,M05357,2,175,DOP W3 Organoids M05357,29,Default Group,#999999,Organoids,Diff Media,24.4.2024,0
1,42,2,51,6410,525,507.5,0.392,766.5,609,544.5,1.7,358.9,1069,0.59,0,9.25,0.59,35,1,5/23/2024,M05357,2,175,DOP W3 Organoids M05357,29,Default Group,#999999,Organoids,Diff Media,24.4.2024,0
1,43,2,53,9741,1067.5,770,0.425,1221,872.8,916,3.15,435.3,1565,0.87,0,7.44,0.45,52,1,5/23/2024,M05357,2,175,DOP W3 Organoids M05357,29,Default Group,#999999,Organoids,Diff Media,24.4.2024,0
1,44,2,54,8316,3080,647.5,0.402,276.8,276.8,172.4,1.05,714.3,1037,0.57,0,11.2,0.79,34,1,5/23/2024,M05357,2,175,DOP W3 Organoids M05357,29,Default Group,#999999,Organoids,Diff Media,24.4.2024,0
1,45,2,60,22272,910,1767.5,0.481,361.3,241.8,195.7,0.55,290,1478,0.82,1.24,6.86,0.65,49,1,5/23/2024,M05357,2,175,DOP W3 Organoids M05357,29,Default Group,#999999,Organoids,Diff Media,24.4.2024,0
1,46,2,61,4137,3097.5,315,0.475,164.6,164.6,175,0.35,466.8,1164,0.65,0,4.7,0.58,38,1,5/23/2024,M05357,2,175,DOP W3 Organoids M05357,29,Default Group,#999999,Organoids,Diff Media,24.4.2024,0
1,47,3,1,15023,1102.5,1190,0.424,1046.5,390.5,820.3,2.1,4801.7,513,0.3,0,20.33,0.72,18,0.86,5/23/2024,M05357,3,175,DOP W3 Organoids M05357,29,Default Group,#999999,Organoids,Diff Media,24.4.2024,0
1,48,3,4,22376,2730,1767.5,0.403,1368,316.6,348.7,0.8,1555.1,761,0.45,0,10.69,0.73,27,1,5/23/2024,M05357,3,175,DOP W3 Organoids M05357,29,Default Group,#999999,Organoids,Diff Media,24.4.2024,0
1,49,3,6,20865,3237.5,1645,0.404,189.4,94.7,133.3,0.25,1747.7,1812,1.08,0,20.68,0.66,64,1,5/23/2024,M05357,3,175,DOP W3 Organoids M05357,29,Default Group,#999999,Organoids,Diff Media,24.4.2024,0
1,50,3,8,3631,1942.5,280,0.415,1540.2,315.9,258.4,1.15,730,538,0.32,0,15.17,0.69,19,0.96,5/23/2024,M05357,3,175,DOP W3 Organoids M05357,29,Default Group,#999999,Organoids,Diff Media,24.4.2024,0
1,51,3,9,24130,2625,1907.5,0.363,460.1,211.1,238,0.7,753.2,892,0.53,0,19.37,0.76,31,1,5/23/2024,M05357,3,175,DOP W3 Organoids M05357,29,Default Group,#999999,Organoids,Diff Media,24.4.2024,0
1,52,3,12,6040,1750,472.5,0.381,801.3,361.5,1893.3,2.75,635.4,401,0.24,0,16.92,0.7,14,0.68,5/23/2024,M05357,3,175,DOP W3 Organoids M05357,29,Default Group,#999999,Organoids,Diff Media,24.4.2024,0
1,53,3,14,16544,770,1312.5,0.411,882.6,415,321.3,1.25,624.7,701,0.42,0,7.07,0.47,25,1,5/23/2024,M05357,3,175,DOP W3 Organoids M05357,29,Default Group,#999999,Organoids,Diff Media,24.4.2024,0
1,54,3,16,17100,2800,1347.5,0.341,84.5,84.5,105,0.35,1016.6,501,0.3,0,18.43,0.76,17,0.93,5/23/2024,M05357,3,175,DOP W3 Organoids M05357,29,Default Group,#999999,Organoids,Diff Media,24.4.2024,0
1,55,3,18,17554,3045,1382.5,0.397,246.1,129.7,158.5,0.45,677.1,356,0.21,0,9.28,0.71,12,0.75,5/23/2024,M05357,3,175,DOP W3 Organoids M05357,29,Default Group,#999999,Organoids,Diff Media,24.4.2024,0
1,56,3,19,13807,2922.5,1085,0.456,836.7,411.3,557,1.3,556.1,926,0.55,0.49,13.68,0.68,33,1,5/23/2024,M05357,3,175,DOP W3 Organoids M05357,29,Default Group,#999999,Organoids,Diff Media,24.4.2024,0
1,57,3,25,24803,2852.5,1960,0.335,447,327.5,564.9,1.1,568.2,1032,0.61,0,15.68,0.71,36,1,5/23/2024,M05357,3,175,DOP W3 Organoids M05357,29,Default Group,#999999,Organoids,Diff Media,24.4.2024,0
1,58,3,26,22422,3535,1767.5,0.423,420.9,279.8,254.8,0.65,908.5,664,0.39,15.28,5.28,0.55,23,0.96,5/23/2024,M05357,3,175,DOP W3 Organoids M05357,29,Default Group,#999999,Organoids,Diff Media,24.4.2024,0
1,59,3,29,9781,1767.5,770,0.417,953,320.3,425.8,1.1,604,375,0.22,0,16.27,0.68,13,0.68,5/23/2024,M05357,3,175,DOP W3 Organoids M05357,29,Default Group,#999999,Organoids,Diff Media,24.4.2024,0
1,60,3,30,24490,1225,1942.5,0.378,385,200.6,150.5,0.55,440.1,502,0.3,0,10.89,0.65,17,0.93,5/23/2024,M05357,3,175,DOP W3 Organoids M05357,29,Default Group,#999999,Organoids,Diff Media,24.4.2024,0
1,61,3,31,16789,1207.5,1330,0.414,522.2,402.7,507.5,1.4,610.6,587,0.35,0,11.32,0.68,20,0.93,5/23/2024,M05357,3,175,DOP W3 Organoids M05357,29,Default Group,#999999,Organoids,Diff Media,24.4.2024,0
1,62,3,33,26013,927.5,2065,N/A,N/A,N/A,N/A,N/A,933.6,415,0.25,0,23.87,0.71,14,0.79,5/23/2024,M05357,3,175,DOP W3 Organoids M05357,29,Default Group,#999999,Organoids,Diff Media,24.4.2024,0
1,63,3,34,15332,2660,1207.5,0.38,899.4,413.1,409.7,0.9,570.1,614,0.36,0,8.65,0.67,21,1,5/23/2024,M05357,3,175,DOP W3 Organoids M05357,29,Default Group,#999999,Organoids,Diff Media,24.4.2024,0
1,64,3,35,23499,3132.5,1855,0.436,278.1,151.5,140,0.4,582.3,1270,0.75,0,8.65,0.57,45,1,5/23/2024,M05357,3,175,DOP W3 Organoids M05357,29,Default Group,#999999,Organoids,Diff Media,24.4.2024,0
1,65,3,41,21727,2922.5,1715,0.509,126.7,126.7,89.2,0.25,490.5,544,0.32,0,9.99,0.62,19,0.96,5/23/2024,M05357,3,175,DOP W3 Organoids M05357,29,Default Group,#999999,Organoids,Diff Media,24.4.2024,0
1,66,3,42,11726,1155,927.5,0.383,284,147,141.1,0.5,371.3,356,0.21,0,9.67,0.7,12,0.82,5/23/2024,M05357,3,175,DOP W3 Organoids M05357,29,Default Group,#999999,Organoids,Diff Media,24.4.2024,0
1,67,3,43,21998,3815,1732.5,0.377,368.7,231.7,230.2,0.65,298.6,633,0.38,1.05,6.74,0.65,22,1,5/23/2024,M05357,3,175,DOP W3 Organoids M05357,29,Default Group,#999999,Organoids,Diff Media,24.4.2024,0
1,68,3,44,1594,945,122.5,0.568,112.2,112.2,112.1,0.2,588.8,759,0.45,0,8.95,0.66,27,1,5/23/2024,M05357,3,175,DOP W3 Organoids M05357,29,Default Group,#999999,Organoids,Diff Media,24.4.2024,0
1,69,3,45,1901,2467.5,140,0.309,94.7,94.7,110.7,0.4,526.5,1223,0.73,0,17.68,0.67,43,1,5/23/2024,M05357,3,175,DOP W3 Organoids M05357,29,Default Group,#999999,Organoids,Diff Media,24.4.2024,0
1,70,3,46,6016,1330,472.5,0.436,604.6,235.9,180.2,0.6,413.1,1370,0.81,0.67,6.98,0.67,48,1,5/23/2024,M05357,3,175,DOP W3 Organoids M05357,29,Default Group,#999999,Organoids,Diff Media,24.4.2024,0
1,71,3,47,26095,2362.5,2065,N/A,N/A,N/A,N/A,N/A,810.7,497,0.3,1.7,22.2,0.68,17,0.93,5/23/2024,M05357,3,175,DOP W3 Organoids M05357,29,Default Group,#999999,Organoids,Diff Media,24.4.2024,0
1,72,3,49,9753,1277.5,770,0.402,167.6,167.6,117.4,0.85,366.1,288,0.17,0,14.89,0.72,10,0.64,5/23/2024,M05357,3,175,DOP W3 Organoids M05357,29,Default Group,#999999,Organoids,Diff Media,24.4.2024,0
1,73,3,55,1475,2712.5,105,N/A,N/A,N/A,N/A,N/A,532.1,1474,0.88,4.46,4.89,0.68,52,1,5/23/2024,M05357,3,175,DOP W3 Organoids M05357,29,Default Group,#999999,Organoids,Diff Media,24.4.2024,0
1,74,3,60,8445,1487.5,665,0.374,1954.9,632.4,786.1,2.7,439.7,524,0.31,0,4.48,0.65,18,0.68,5/23/2024,M05357,3,175,DOP W3 Organoids M05357,29,Default Group,#999999,Organoids,Diff Media,24.4.2024,0
1,75,3,61,23371,892.5,1855,0.522,147.2,147.2,284.9,0.55,315.4,915,0.54,0,3.84,0.6,32,1,5/23/2024,M05357,3,175,DOP W3 Organoids M05357,29,Default Group,#999999,Organoids,Diff Media,24.4.2024,0
1,76,3,63,5339,1032.5,420,0.544,137,137,708.7,0.25,351,539,0.32,0,12.2,0.46,19,0.96,5/23/2024,M05357,3,175,DOP W3 Organoids M05357,29,Default Group,#999999,Organoids,Diff Media,24.4.2024,0
1,77,3,64,15599,3482.5,1225,0.345,150.1,150.1,1449,0.75,459.7,405,0.24,0,9.72,0.65,14,0.96,5/23/2024,M05357,3,175,DOP W3 Organoids M05357,29,Default Group,#999999,Organoids,Diff Media,24.4.2024,0
1,78,4,5,16540,700,1312.5,0.29,645.6,487.8,656,2.45,590.4,420,0.23,0,16.59,0.67,13,0.9,5/23/2024,M05357,4,175,DOP W3 Organoids M05357,29,Default Group,#999999,Organoids,Diff Media,24.4.2024,0
1,79,4,6,21028,2240,1662.5,0.42,1187,488.6,429,1.4,578.2,1468,0.79,0,11.75,0.62,47,1,5/23/2024,M05357,4,175,DOP W3 Organoids M05357,29,Default Group,#999999,Organoids,Diff Media,24.4.2024,0
1,80,4,8,22463,402.5,1785,N/A,N/A,N/A,N/A,N/A,458,381,0.2,0,11.65,0.59,12,0.74,5/23/2024,M05357,4,175,DOP W3 Organoids M05357,29,Default Group,#999999,Organoids,Diff Media,24.4.2024,0
1,81,4,9,17311,2642.5,1365,0.362,305.9,172,485.3,1.35,604.4,442,0.24,0,16.61,0.64,14,0.61,5/23/2024,M05357,4,175,DOP W3 Organoids M05357,29,Default Group,#999999,Organoids,Diff Media,24.4.2024,0
1,82,4,11,25223,2502.5,1995,0.408,122.8,122.8,72.2,0.45,399.3,789,0.42,0,20.84,0.61,25,1,5/23/2024,M05357,4,175,DOP W3 Organoids M05357,29,Default Group,#999999,Organoids,Diff Media,24.4.2024,0
1,83,4,12,11649,3657.5,910,0.43,266.7,172,165.1,0.4,641,686,0.37,0.99,8.91,0.72,22,1,5/23/2024,M05357,4,175,DOP W3 Organoids M05357,29,Default Group,#999999,Organoids,Diff Media,24.4.2024,0
1,84,4,13,22889,157.5,1820,0.257,170,170,309.6,0.65,506.2,583,0.31,0,18.26,0.73,18,0.94,5/23/2024,M05357,4,175,DOP W3 Organoids M05357,29,Default Group,#999999,Organoids,Diff Media,24.4.2024,0
1,85,4,14,13014,595,1032.5,0.442,295.5,183.3,133.3,0.5,444.2,1220,0.65,0,12.1,0.64,39,1,5/23/2024,M05357,4,175,DOP W3 Organoids M05357,29,Default Group,#999999,Organoids,Diff Media,24.4.2024,0
1,86,4,15,8417,997.5,665,0.309,301.9,157.8,487.5,1.4,811.5,461,0.25,0,17.41,0.71,14,0.81,5/23/2024,M05357,4,175,DOP W3 Organoids M05357,29,Default Group,#999999,Organoids,Diff Media,24.4.2024,0
1,87,4,23,11382,2835,892.5,0.401,807.6,297.8,495,1.65,544.1,649,0.35,0,11.15,0.62,20,0.97,5/23/2024,M05357,4,175,DOP W3 Organoids M05357,29,Default Group,#999999,Organoids,Diff Media,24.4.2024,0
1,88,4,25,16684,3220,1312.5,0.348,310.1,190.6,141.1,0.8,287.9,1674,0.9,0,5.56,0.51,54,1,5/23/2024,M05357,4,175,DOP W3 Organoids M05357,29,Default Group,#999999,Organoids,Diff Media,24.4.2024,0
1,89,4,26,20032,210,1592.5,0.432,2386.7,438.9,631.2,1.6,688.4,1961,1.05,0,12.37,0.63,63,1,5/23/2024,M05357,4,175,DOP W3 Organoids M05357,29,Default Group,#999999,Organoids,Diff Media,24.4.2024,0
1,90,4,28,20385,2537.5,1610,0.408,794.8,281.6,471.2,1.35,497.7,996,0.53,0,17.85,0.75,32,1,5/23/2024,M05357,4,175,DOP W3 Organoids M05357,29,Default Group,#999999,Organoids,Diff Media,24.4.2024,0
1,91,4,32,17512,2310,1382.5,0.339,102,102,89.2,0.6,229.9,674,0.36,0,16.43,0.68,21,0.94,5/23/2024,M05357,4,175,DOP W3 Organoids M05357,29,Default Group,#999999,Organoids,Diff Media,24.4.2024,0
1,92,4,35,6896,1330,542.5,0.299,403.8,234.8,423.3,1.95,317.4,393,0.21,0,14.88,0.67,12,0.87,5/23/2024,M05357,4,175,DOP W3 Organoids M05357,29,Default Group,#999999,Organoids,Diff Media,24.4.2024,0
1,93,4,36,10952,3010,857.5,0.38,234.5,139.8,141.1,0.6,542.2,529,0.28,0,12.93,0.61,17,0.87,5/23/2024,M05357,4,175,DOP W3 Organoids M05357,29,Default Group,#999999,Organoids,Diff Media,24.4.2024,0
1,94,4,38,18740,700,1487.5,0.408,378.9,105,614.5,1.45,305.5,347,0.19,0,10.86,0.7,11,0.68,5/23/2024,M05357,4,175,DOP W3 Organoids M05357,29,Default Group,#999999,Organoids,Diff Media,24.4.2024,0
1,95,4,39,15449,857.5,1225,0.397,2222.5,503.4,1242.9,3.85,277.1,920,0.49,0,13.87,0.66,29,1,5/23/2024,M05357,4,175,DOP W3 Organoids M05357,29,Default Group,#999999,Organoids,Diff Media,24.4.2024,0
1,96,4,41,25754,245,2047.5,N/A,N/A,N/A,N/A,N/A,370.5,871,0.47,0,6.72,0.6,28,1,5/23/2024,M05357,4,175,DOP W3 Organoids M05357,29,Default Group,#999999,Organoids,Diff Media,24.4.2024,0
1,97,4,44,10090,3325,787.5,0.447,1562.8,690.6,1709.3,2,314.3,1074,0.58,0,17.98,0.6,34,1,5/23/2024,M05357,4,175,DOP W3 Organoids M05357,29,Default Group,#999999,Organoids,Diff Media,24.4.2024,0
1,98,4,45,24673,577.5,1960,0.398,617,448,429,1.2,231.7,375,0.2,0,8.65,0.67,12,0.87,5/23/2024,M05357,4,175,DOP W3 Organoids M05357,29,Default Group,#999999,Organoids,Diff Media,24.4.2024,0
1,99,4,46,7326,1155,577.5,0.439,1601.3,670.2,569.8,1.45,297.2,897,0.48,0,9.01,0.71,28,1,5/23/2024,M05357,4,175,DOP W3 Organoids M05357,29,Default Group,#999999,Organoids,Diff Media,24.4.2024,0
1,100,4,47,5554,945,437.5,0.444,1280.8,381.8,940,1.3,266.9,2317,1.24,5.3,N/A,N/A,74,1,5/23/2024,M05357,4,175,DOP W3 Organoids M05357,29,Default Group,#999999,Organoids,Diff Media,24.4.2024,0
1,101,4,48,9580,2100,752.5,0.33,1336.9,479.3,888.5,3.9,246.5,855,0.46,0,12.98,0.68,27,1,5/23/2024,M05357,4,175,DOP W3 Organoids M05357,29,Default Group,#999999,Organoids,Diff Media,24.4.2024,0
1,102,4,50,6623,402.5,525,0.354,657.4,221.7,549.5,0.85,239.5,2221,1.19,1.23,4.5,0.57,71,1,5/23/2024,M05357,4,175,DOP W3 Organoids M05357,29,Default Group,#999999,Organoids,Diff Media,24.4.2024,0
1,103,4,54,25731,3692.5,2030,0.387,247.1,247.1,175.9,0.85,360.7,488,0.26,0,7.31,0.79,15,0.81,5/23/2024,M05357,4,175,DOP W3 Organoids M05357,29,Default Group,#999999,Organoids,Diff Media,24.4.2024,0
1,104,4,55,12381,1067.5,980,0.407,3196.8,645.1,1221.7,4.6,288.7,940,0.5,0,14.17,0.57,30,1,5/23/2024,M05357,4,175,DOP W3 Organoids M05357,29,Default Group,#999999,Organoids,Diff Media,24.4.2024,0
1,105,4,56,13426,105,1067.5,0.387,512.2,276.3,195.7,0.75,163.1,648,0.35,0,11.56,0.65,20,1,5/23/2024,M05357,4,175,DOP W3 Organoids M05357,29,Default Group,#999999,Organoids,Diff Media,24.4.2024,0
1,106,4,57,17402,385,1382.5,0.409,809.7,581,1273.7,3.05,241.1,503,0.27,0,20.18,0.75,16,0.87,5/23/2024,M05357,4,175,DOP W3 Organoids M05357,29,Default Group,#999999,Organoids,Diff Media,24.4.2024,0
1,107,4,60,25896,2730,2047.5,0.393,77.2,77.2,710.6,1.65,182.4,869,0.47,0,6.19,0.58,28,1,5/23/2024,M05357,4,175,DOP W3 Organoids M05357,29,Default Group,#999999,Organoids,Diff Media,24.4.2024,0
1,108,4,62,26005,787.5,2065,N/A,N/A,N/A,N/A,N/A,268.6,630,0.34,0,17.64,0.74,20,1,5/23/2024,M05357,4,175,DOP W3 Organoids M05357,29,Default Group,#999999,Organoids,Diff Media,24.4.2024,0
1,109,4,63,7438,3115,577.5,0.484,165.9,165.9,148.5,0.35,268,747,0.4,0,12.91,0.65,24,1,5/23/2024,M05357,4,175,DOP W3 Organoids M05357,29,Default Group,#999999,Organoids,Diff Media,24.4.2024,0
1,110,5,1,22356,2380,1767.5,0.324,537.2,204.9,299,1.3,1015.5,1074,0.64,0.36,6.29,0.62,38,1,5/23/2024,M05357,5,175,DOP W3 Organoids M05357,29,Default Group,#999999,Organoids,Diff Media,24.4.2024,0
1,111,5,6,6432,910,507.5,0.485,509.8,207,161.3,0.5,717.1,756,0.45,0,12.49,0.8,27,1,5/23/2024,M05357,5,175,DOP W3 Organoids M05357,29,Default Group,#999999,Organoids,Diff Media,24.4.2024,0
1,112,5,8,10838,1015,857.5,N/A,N/A,N/A,N/A,N/A,1233.4,616,0.37,0,12.08,0.81,22,1,5/23/2024,M05357,5,175,DOP W3 Organoids M05357,29,Default Group,#999999,Organoids,Diff Media,24.4.2024,0
1,113,5,15,13259,1032.5,1050,0.263,84.5,84.5,102,0.4,625.2,639,0.38,0,11.92,0.72,22,1,5/23/2024,M05357,5,175,DOP W3 Organoids M05357,29,Default Group,#999999,Organoids,Diff Media,24.4.2024,0
1,114,5,16,7324,1120,577.5,0.367,457.3,214.2,2247.8,0.6,831,448,0.27,0,13.83,0.82,16,0.93,5/23/2024,M05357,5,175,DOP W3 Organoids M05357,29,Default Group,#999999,Organoids,Diff Media,24.4.2024,0
1,115,5,17,16471,3342.5,1295,0.353,499.6,243.1,150.5,0.7,615.5,1056,0.63,0,9.34,0.74,37,1,5/23/2024,M05357,5,175,DOP W3 Organoids M05357,29,Default Group,#999999,Organoids,Diff Media,24.4.2024,0
1,116,5,18,26059,1732.5,2065,N/A,N/A,N/A,N/A,N/A,533.7,303,0.18,0,9.4,0.69,10,0.61,5/23/2024,M05357,5,175,DOP W3 Organoids M05357,29,Default Group,#999999,Organoids,Diff Media,24.4.2024,0
1,117,5,21,318,1715,17.5,0.281,345.1,345.1,1263.5,1.2,667.5,778,0.46,0,18.83,0.77,27,1,5/23/2024,M05357,5,175,DOP W3 Organoids M05357,29,Default Group,#999999,Organoids,Diff Media,24.4.2024,0
1,118,5,24,17781,3167.5,1400,0.409,1015.5,491.2,525.3,1.7,543.1,556,0.33,0,7.38,0.62,19,1,5/23/2024,M05357,5,175,DOP W3 Organoids M05357,29,Default Group,#999999,Organoids,Diff Media,24.4.2024,0
1,119,5,31,11424,3570,892.5,0.319,279.8,150.1,1680.7,2.35,719.5,359,0.21,0,14.69,0.82,12,0.96,5/23/2024,M05357,5,175,DOP W3 Organoids M05357,29,Default Group,#999999,Organoids,Diff Media,24.4.2024,0
1,120,5,34,15362,3185,1207.5,0.383,173,173,144.3,0.55,443.8,1117,0.66,0,7.18,0.46,39,1,5/23/2024,M05357,5,175,DOP W3 Organoids M05357,29,Default Group,#999999,Organoids,Diff Media,24.4.2024,0
1,121,5,37,14060,3500,1102.5,0.353,339.9,219.4,188.5,0.7,618.1,830,0.49,0,5.34,0.57,29,1,5/23/2024,M05357,5,175,DOP W3 Organoids M05357,29,Default Group,#999999,Organoids,Diff Media,24.4.2024,0
1,122,5,39,12728,3290,997.5,0.363,1069,336.6,1044.4,2.25,377.9,1515,0.9,0,6.34,0.55,54,1,5/23/2024,M05357,5,175,DOP W3 Organoids M05357,29,Default Group,#999999,Organoids,Diff Media,24.4.2024,0
1,123,5,45,8790,3675,682.5,0.473,330.6,200.9,173.2,0.4,410.1,949,0.56,0,3.33,0.43,33,1,5/23/2024,M05357,5,175,DOP W3 Organoids M05357,29,Default Group,#999999,Organoids,Diff Media,24.4.2024,0
1,124,5,46,6130,3325,472.5,0.338,106.1,106.1,102,0.4,984.2,282,0.17,0,11.5,0.73,10,0.64,5/23/2024,M05357,5,175,DOP W3 Organoids M05357,29,Default Group,#999999,Organoids,Diff Media,24.4.2024,0
1,125,5,47,2809,2957.5,210,0.458,860,449.2,352.2,1.15,249.8,2028,1.2,0,4.89,0.43,72,1,5/23/2024,M05357,5,175,DOP W3 Organoids M05357,29,Default Group,#999999,Organoids,Diff Media,24.4.2024,0
1,126,5,50,21520,3150,1697.5,0.343,904.1,454.1,897.1,4.35,297.9,1265,0.75,0,15.87,0.62,45,1,5/23/2024,M05357,5,175,DOP W3 Organoids M05357,29,Default Group,#999999,Organoids,Diff Media,24.4.2024,0
1,127,5,54,11690,525,927.5,0.475,512.8,278.1,149.5,0.55,323.3,1097,0.65,0.35,2.51,0.2,39,1,5/23/2024,M05357,5,175,DOP W3 Organoids M05357,29,Default Group,#999999,Organoids,Diff Media,24.4.2024,0
1,128,5,55,5003,2852.5,385,0.377,837.2,340.7,410,1,272.3,490,0.29,1.75,2.97,0.67,17,0.89,5/23/2024,M05357,5,175,DOP W3 Organoids M05357,29,Default Group,#999999,Organoids,Diff Media,24.4.2024,0
1,129,5,62,17910,1575,1417.5,0.379,1263,333.7,875,1.4,323.2,625,0.37,0,9.03,0.68,22,0.82,5/23/2024,M05357,5,175,DOP W3 Organoids M05357,29,Default Group,#999999,Organoids,Diff Media,24.4.2024,0
1,130,6,1,23600,1050,1872.5,0.386,942.7,288.4,189.3,0.8,1425.5,2404,1.48,0,15.2,0.75,89,1,5/23/2024,M05357,6,175,DOP W3 Organoids M05357,29,Default Group,#999999,Organoids,Diff Media,24.4.2024,0
1,131,6,8,11238,315,892.5,0.42,87.5,87.5,141.1,0.85,673,312,0.19,0,2.19,0.62,11,0.74,5/23/2024,M05357,6,175,DOP W3 Organoids M05357,29,Default Group,#999999,Organoids,Diff Media,24.4.2024,0
1,132,6,10,22770,1925,1802.5,0.362,436,270.1,247.5,0.85,538.3,656,0.4,0,14.61,0.71,24,1,5/23/2024,M05357,6,175,DOP W3 Organoids M05357,29,Default Group,#999999,Organoids,Diff Media,24.4.2024,0
1,133,6,12,18513,577.5,1470,0.342,1553.7,498.2,510.2,2.6,569.9,435,0.27,0,18.41,0.63,16,0.7,5/23/2024,M05357,6,175,DOP W3 Organoids M05357,29,Default Group,#999999,Organoids,Diff Media,24.4.2024,0
1,134,6,16,10920,2450,857.5,0.397,798.2,298.7,1034.1,4.9,1091,748,0.46,0,14.34,0.69,27,1,5/23/2024,M05357,6,175,DOP W3 Organoids M05357,29,Default Group,#999999,Organoids,Diff Media,24.4.2024,0
1,135,6,17,1013,2327.5,70,0.397,584.4,317.8,2109.7,0.95,676.8,306,0.19,0,16.65,0.71,11,0.74,5/23/2024,M05357,6,175,DOP W3 Organoids M05357,29,Default Group,#999999,Organoids,Diff Media,24.4.2024,0
1,136,6,24,26055,1662.5,2065,N/A,N/A,N/A,N/A,N/A,529.6,419,0.26,2.31,6.16,0.69,15,0.67,5/23/2024,M05357,6,175,DOP W3 Organoids M05357,29,Default Group,#999999,Organoids,Diff Media,24.4.2024,0
1,137,6,31,11812,2660,927.5,0.305,301.7,137,1064.5,0.75,492.9,357,0.22,0,11.51,0.58,13,0.85,5/23/2024,M05357,6,175,DOP W3 Organoids M05357,29,Default Group,#999999,Organoids,Diff Media,24.4.2024,0
1,138,6,32,23807,822.5,1890,0.43,559.3,271,584.1,1.25,315.1,454,0.28,0,3.75,0.48,16,0.93,5/23/2024,M05357,6,175,DOP W3 Organoids M05357,29,Default Group,#999999,Organoids,Diff Media,24.4.2024,0
1,139,6,35,963,1452.5,70,0.37,652.7,340.9,293.4,0.95,332.7,644,0.4,0,14.57,0.62,23,1,5/23/2024,M05357,6,175,DOP W3 Organoids M05357,29,Default Group,#999999,Organoids,Diff Media,24.4.2024,0
1,140,6,36,24964,1820,1977.5,0.364,119.5,119.5,63.1,0.3,449.8,682,0.42,0,9.58,0.64,25,0.89,5/23/2024,M05357,6,175,DOP W3 Organoids M05357,29,Default Group,#999999,Organoids,Diff Media,24.4.2024,0
1,141,6,38,9253,227.5,735,0.361,333.7,137,2222.7,4.7,317.1,924,0.57,0,5.17,0.59,34,1,5/23/2024,M05357,6,175,DOP W3 Organoids M05357,29,Default Group,#999999,Organoids,Diff Media,24.4.2024,0
1,142,6,40,7181,2467.5,560,0.357,1354.2,637.5,1545.7,2.7,393.9,328,0.2,0,17.36,0.59,12,0.78,5/23/2024,M05357,6,175,DOP W3 Organoids M05357,29,Default Group,#999999,Organoids,Diff Media,24.4.2024,0
1,143,6,44,6840,350,542.5,0.306,641,306.2,263.1,0.85,310.2,424,0.26,0,10.12,0.6,15,0.81,5/23/2024,M05357,6,175,DOP W3 Organoids M05357,29,Default Group,#999999,Organoids,Diff Media,24.4.2024,0
1,144,6,46,2669,507.5,210,0.412,371.7,259.5,235.4,0.6,421.7,609,0.38,0,7.4,0.51,22,1,5/23/2024,M05357,6,175,DOP W3 Organoids M05357,29,Default Group,#999999,Organoids,Diff Media,24.4.2024,0
1,145,6,49,25794,945,2047.5,0.367,312.3,189.5,173.2,0.6,410.1,306,0.19,0,12.63,0.63,11,0.67,5/23/2024,M05357,6,175,DOP W3 Organoids M05357,29,Default Group,#999999,Organoids,Diff Media,24.4.2024,0
1,146,6,52,320,1750,17.5,0.345,433.4,433.4,1036.2,3.55,345.7,519,0.32,1.51,18.91,0.79,19,0.96,5/23/2024,M05357,6,175,DOP W3 Organoids M05357,29,Default Group,#999999,Organoids,Diff Media,24.4.2024,0
1,147,6,57,2162,3185,157.5,0.398,527.3,253.4,173.2,0.75,324.8,763,0.47,0.7,3.38,0.46,28,1,5/23/2024,M05357,6,175,DOP W3 Organoids M05357,29,Default Group,#999999,Organoids,Diff Media,24.4.2024,0
1,148,6,59,9484,420,752.5,0.42,809.4,305.9,2058.8,1.3,221.2,342,0.21,0,11.53,0.66,12,0.85,5/23/2024,M05357,6,175,DOP W3 Organoids M05357,29,Default Group,#999999,Organoids,Diff Media,24.4.2024,0
1,149,6,60,5226,2905,402.5,0.375,590.2,262.7,199.5,0.7,374.9,298,0.18,0,8.55,0.67,11,0.67,5/23/2024,M05357,6,175,DOP W3 Organoids M05357,29,Default Group,#999999,Organoids,Diff Media,24.4.2024,0
1,150,6,62,22230,175,1767.5,0.315,137,137,141.1,0.5,269.3,442,0.27,0,8.77,0.51,16,0.96,5/23/2024,M05357,6,175,DOP W3 Organoids M05357,29,Default Group,#999999,Organoids,Diff Media,24.4.2024,0
1,151,6,64,25999,682.5,2065,N/A,N/A,N/A,N/A,N/A,205.2,334,0.21,0,5.44,0.5,12,1,5/23/2024,M05357,6,175,DOP W3 Organoids M05357,29,Default Group,#999999,Organoids,Diff Media,24.4.2024,0
1,152,7,1,19115,3412.5,1505,0.354,281.1,203.9,1610.4,1.55,1728.3,488,0.29,0,3.33,0.29,17,0.71,5/23/2024,M04707,1,176,DOP29 W3 Organoids M04707,29,Default Group,#999999,Organoids,N/A,24.4.2024,0
1,153,7,8,6793,3377.5,525,N/A,N/A,N/A,N/A,N/A,517.6,311,0.18,0,15.02,0.76,11,0.71,5/23/2024,M04707,1,176,DOP29 W3 Organoids M04707,29,Default Group,#999999,Organoids,N/A,24.4.2024,0
1,154,7,14,5564,1120,437.5,0.185,102,102,1257.3,4.1,687.5,753,0.45,0,7.25,0.53,26,1,5/23/2024,M04707,1,176,DOP29 W3 Organoids M04707,29,Default Group,#999999,Organoids,N/A,24.4.2024,0
1,155,7,16,9646,3255,752.5,0.387,186.4,109.2,484,0.4,633.3,541,0.32,0,14.47,0.67,19,0.93,5/23/2024,M04707,1,176,DOP29 W3 Organoids M04707,29,Default Group,#999999,Organoids,N/A,24.4.2024,0
1,156,7,18,2046,1155,157.5,0.343,878.7,537.5,1090.2,4.4,502.6,1097,0.65,0.7,3.81,0.54,39,1,5/23/2024,M04707,1,176,DOP29 W3 Organoids M04707,29,Default Group,#999999,Organoids,N/A,24.4.2024,0
1,157,7,20,7418,2765,577.5,0.401,98.9,98.9,63.1,0.25,641.8,550,0.33,0,11.97,0.53,19,0.96,5/23/2024,M04707,1,176,DOP29 W3 Organoids M04707,29,Default Group,#999999,Organoids,N/A,24.4.2024,0
1,158,7,22,9626,2905,752.5,0.411,935.3,376.2,2246.6,1.15,467.1,390,0.23,0,11.28,0.65,13,0.71,5/23/2024,M04707,1,176,DOP29 W3 Organoids M04707,29,Default Group,#999999,Organoids,N/A,24.4.2024,0
1,159,7,25,25587,1172.5,2030,0.324,116.4,116.4,2110.8,1.1,524.9,551,0.33,0,7,0.52,19,0.96,5/23/2024,M04707,1,176,DOP29 W3 Organoids M04707,29,Default Group,#999999,Organoids,N/A,24.4.2024,0
1,160,7,28,13851,3692.5,1085,0.416,311.8,189.3,614.7,1.7,723.4,680,0.4,0,5.06,0.67,24,0.93,5/23/2024,M04707,1,176,DOP29 W3 Organoids M04707,29,Default Group,#999999,Organoids,N/A,24.4.2024,0
1,161,7,35,23160,1050,1837.5,N/A,N/A,N/A,N/A,N/A,850.1,510,0.3,0,15.08,0.64,18,0.96,5/23/2024,M04707,1,176,DOP29 W3 Organoids M04707,29,Default Group,#999999,Organoids,N/A,24.4.2024,0
1,162,7,37,8947,2572.5,700,0.355,1370.4,536.3,533.4,2.05,1990.4,321,0.19,130.78,2.9,0.55,11,0.75,5/23/2024,M04707,1,176,DOP29 W3 Organoids M04707,29,Default Group,#999999,Organoids,N/A,24.4.2024,0
1,163,7,40,4081,2117.5,315,N/A,N/A,N/A,N/A,N/A,668.2,523,0.31,0,14.07,0.69,18,0.96,5/23/2024,M04707,1,176,DOP29 W3 Organoids M04707,29,Default Group,#999999,Organoids,N/A,24.4.2024,0
1,164,7,41,9305,1137.5,735,N/A,N/A,N/A,N/A,N/A,579,399,0.24,0,12.46,0.69,14,0.93,5/23/2024,M04707,1,176,DOP29 W3 Organoids M04707,29,Default Group,#999999,Organoids,N/A,24.4.2024,0
1,165,7,42,23915,2712.5,1890,N/A,N/A,N/A,N/A,N/A,388.9,535,0.32,0,22.81,0.74,19,1,5/23/2024,M04707,1,176,DOP29 W3 Organoids M04707,29,Default Group,#999999,Organoids,N/A,24.4.2024,0
1,166,7,46,11830,2975,927.5,0.296,256.5,256.5,186,0.9,438.7,526,0.31,0,11.34,0.7,18,0.96,5/23/2024,M04707,1,176,DOP29 W3 Organoids M04707,29,Default Group,#999999,Organoids,N/A,24.4.2024,0
1,167,7,48,25283,3552.5,1995,N/A,N/A,N/A,N/A,N/A,357.7,678,0.4,0,5.61,0.38,24,1,5/23/2024,M04707,1,176,DOP29 W3 Organoids M04707,29,Default Group,#999999,Organoids,N/A,24.4.2024,0
1,168,7,53,17663,1102.5,1400,0.298,263.6,172,299.6,0.65,320.2,522,0.31,0,3.44,0.58,18,1,5/23/2024,M04707,1,176,DOP29 W3 Organoids M04707,29,Default Group,#999999,Organoids,N/A,24.4.2024,0
1,169,7,59,12097,3797.5,945,0.328,179.2,179.2,718.1,0.7,229.6,939,0.56,0,9.41,0.54,33,1,5/23/2024,M04707,1,176,DOP29 W3 Organoids M04707,29,Default Group,#999999,Organoids,N/A,24.4.2024,0
1,170,7,60,2172,3360,157.5,N/A,N/A,N/A,N/A,N/A,491.8,337,0.2,11.12,2.62,0.35,12,0.71,5/23/2024,M04707,1,176,DOP29 W3 Organoids M04707,29,Default Group,#999999,Organoids,N/A,24.4.2024,0
1,171,8,2,22531,1592.5,1785,0.352,470.5,150.1,624.6,0.55,1246.4,358,0.19,0,24.32,0.8,11,0.84,5/23/2024,M04707,2,176,DOP29 W3 Organoids M04707,29,Default Group,#999999,Organoids,N/A,24.4.2024,0
1,172,8,6,6361,3517.5,490,0.393,77.2,77.2,94.2,0.3,985.2,530,0.28,0,20.26,0.71,17,0.97,5/23/2024,M04707,2,176,DOP29 W3 Organoids M04707,29,Default Group,#999999,Organoids,N/A,24.4.2024,0
1,173,8,10,7770,1225,612.5,N/A,N/A,N/A,N/A,N/A,790.9,641,0.34,0,8.43,0.52,20,1,5/23/2024,M04707,2,176,DOP29 W3 Organoids M04707,29,Default Group,#999999,Organoids,N/A,24.4.2024,0
1,174,8,11,7561,1417.5,595,0.347,228.6,144.1,238,0.9,1509.3,804,0.43,8.65,9.2,0.68,25,1,5/23/2024,M04707,2,176,DOP29 W3 Organoids M04707,29,Default Group,#999999,Organoids,N/A,24.4.2024,0
1,175,8,12,2600,3150,192.5,0.385,345,228.6,245.6,1.05,965.2,587,0.31,0,7.53,0.68,18,1,5/23/2024,M04707,2,176,DOP29 W3 Organoids M04707,29,Default Group,#999999,Organoids,N/A,24.4.2024,0
1,176,8,14,16467,3272.5,1295,N/A,N/A,N/A,N/A,N/A,808.3,379,0.2,0,12.34,0.74,12,0.81,5/23/2024,M04707,2,176,DOP29 W3 Organoids M04707,29,Default Group,#999999,Organoids,N/A,24.4.2024,0
1,177,8,26,25444,2520,2012.5,N/A,N/A,N/A,N/A,N/A,669.7,388,0.21,0,8.13,0.64,12,0.94,5/23/2024,M04707,2,176,DOP29 W3 Organoids M04707,29,Default Group,#999999,Organoids,N/A,24.4.2024,0
1,178,8,34,5974,595,472.5,0.384,299.7,200.8,144.3,0.6,555.4,345,0.19,11.75,8.58,0.71,11,0.61,5/23/2024,M04707,2,176,DOP29 W3 Organoids M04707,29,Default Group,#999999,Organoids,N/A,24.4.2024,0
1,179,8,38,9518,1015,752.5,0.362,766.3,340.9,377,1.1,887.5,444,0.24,0,5.29,0.48,14,0.94,5/23/2024,M04707,2,176,DOP29 W3 Organoids M04707,29,Default Group,#999999,Organoids,N/A,24.4.2024,0
1,180,8,42,20634,3045,1627.5,0.385,682.5,323.7,399.1,1.4,882.1,426,0.23,0,26.11,0.69,13,0.81,5/23/2024,M04707,2,176,DOP29 W3 Organoids M04707,29,Default Group,#999999,Organoids,N/A,24.4.2024,0
1,181,8,44,6787,3272.5,525,0.29,228.6,228.6,247.5,0.75,913.2,524,0.28,20.37,4.27,0.7,16,0.97,5/23/2024,M04707,2,176,DOP29 W3 Organoids M04707,29,Default Group,#999999,Organoids,N/A,24.4.2024,0
1,182,8,49,12521,3517.5,980,0.344,212.3,212.3,149.5,0.9,334.6,449,0.24,0,7.24,0.62,14,0.94,5/23/2024,M04707,2,176,DOP29 W3 Organoids M04707,29,Default Group,#999999,Organoids,N/A,24.4.2024,0
1,183,8,55,13058,1365,1032.5,0.301,87.5,87.5,106.4,0.4,419.3,448,0.24,0,11.03,0.66,14,0.9,5/23/2024,M04707,2,176,DOP29 W3 Organoids M04707,29,Default Group,#999999,Organoids,N/A,24.4.2024,0
1,184,8,63,25924,3220,2047.5,N/A,N/A,N/A,N/A,N/A,454.1,660,0.35,0,8.1,0.76,21,1,5/23/2024,M04707,2,176,DOP29 W3 Organoids M04707,29,Default Group,#999999,Organoids,N/A,24.4.2024,0
1,185,9,1,15443,752.5,1225,0.269,137,137,738.5,0.5,691.5,1058,0.59,0.4,9.86,0.53,35,1,5/23/2024,M04707,3,176,DOP29 W3 Organoids M04707,29,Default Group,#999999,Organoids,N/A,24.4.2024,0
1,186,9,4,24498,1365,1942.5,0.264,172,172,148.5,1.35,658.1,412,0.23,0,21.82,0.79,13,1,5/23/2024,M04707,3,176,DOP29 W3 Organoids M04707,29,Default Group,#999999,Organoids,N/A,24.4.2024,0
1,187,9,5,4559,2782.5,350,0.383,634.5,229.8,1448.4,1,531.4,364,0.2,0,17.43,0.64,12,0.9,5/23/2024,M04707,3,176,DOP29 W3 Organoids M04707,29,Default Group,#999999,Organoids,N/A,24.4.2024,0
1,188,9,11,13791,2642.5,1085,0.181,70,70,89.2,0.45,395.2,439,0.24,0,3.8,0.52,14,0.9,5/23/2024,M04707,3,176,DOP29 W3 Organoids M04707,29,Default Group,#999999,Organoids,N/A,24.4.2024,0
1,189,9,15,11161,2817.5,875,0.371,302.5,302.5,250.6,1.35,373.5,300,0.17,0,20.13,0.79,10,0.63,5/23/2024,M04707,3,176,DOP29 W3 Organoids M04707,29,Default Group,#999999,Organoids,N/A,24.4.2024,0
1,190,9,17,4208,490,332.5,0.354,154.5,154.5,262.5,0.75,419.2,336,0.19,0,11.76,0.61,11,0.77,5/23/2024,M04707,3,176,DOP29 W3 Organoids M04707,29,Default Group,#999999,Organoids,N/A,24.4.2024,0
1,191,9,18,3438,2415,262.5,N/A,N/A,N/A,N/A,N/A,372,456,0.25,0,4.45,0.27,15,1,5/23/2024,M04707,3,176,DOP29 W3 Organoids M04707,29,Default Group,#999999,Organoids,N/A,24.4.2024,0
1,192,9,28,21488,2590,1697.5,0.423,253.4,253.4,227.5,0.75,257.9,308,0.17,0,11.97,0.69,10,0.6,5/23/2024,M04707,3,176,DOP29 W3 Organoids M04707,29,Default Group,#999999,Organoids,N/A,24.4.2024,0
1,193,9,38,20843,2852.5,1645,0.399,461.6,302.9,238,0.9,357.3,474,0.26,0,20.67,0.73,15,1,5/23/2024,M04707,3,176,DOP29 W3 Organoids M04707,29,Default Group,#999999,Organoids,N/A,24.4.2024,0
1,194,9,51,12732,3360,997.5,0.351,327.6,211.2,459.4,1.75,356.5,388,0.22,0,5.51,0.59,12,0.87,5/23/2024,M04707,3,176,DOP29 W3 Organoids M04707,29,Default Group,#999999,Organoids,N/A,24.4.2024,0
1,195,9,55,6645,787.5,525,0.346,480.4,291.2,339.8,1.55,202.7,324,0.18,0,7.93,0.42,10,0.63,5/23/2024,M04707,3,176,DOP29 W3 Organoids M04707,29,Default Group,#999999,Organoids,N/A,24.4.2024,0
1,196,9,57,772,1960,52.5,N/A,N/A,N/A,N/A,N/A,144.1,406,0.22,0,10.87,0.56,13,0.93,5/23/2024,M04707,3,176,DOP29 W3 Organoids M04707,29,Default Group,#999999,Organoids,N/A,24.4.2024,0
1,197,9,61,18991,1242.5,1505,0.373,753.3,256.5,703.5,0.85,494.5,308,0.17,0,11.7,0.76,10,0.63,5/23/2024,M04707,3,176,DOP29 W3 Organoids M04707,29,Default Group,#999999,Organoids,N/A,24.4.2024,0
1,198,10,2,919,682.5,70,N/A,N/A,N/A,N/A,N/A,971,1427,0.79,0,9.76,0.59,47,1,5/23/2024,M04707,4,176,DOP29 W3 Organoids M04707,29,Default Group,#999999,Organoids,N/A,24.4.2024,0
1,199,10,3,24914,945,1977.5,0.331,130.1,130.1,87.5,0.5,1149.3,957,0.53,0,15.17,0.69,31,1,5/23/2024,M04707,4,176,DOP29 W3 Organoids M04707,29,Default Group,#999999,Organoids,N/A,24.4.2024,0
1,200,10,5,7748,840,612.5,0.436,835.5,285.3,258.4,0.75,997.8,652,0.36,0,22.58,0.79,21,1,5/23/2024,M04707,4,176,DOP29 W3 Organoids M04707,29,Default Group,#999999,Organoids,N/A,24.4.2024,0
1,201,10,7,15644,420,1242.5,0.376,385.3,225.6,188.5,0.7,982.1,1078,0.6,0,9.02,0.6,35,1,5/23/2024,M04707,4,176,DOP29 W3 Organoids M04707,29,Default Group,#999999,Organoids,N/A,24.4.2024,0
1,202,10,8,24046,1155,1907.5,0.323,429.5,215.3,195.7,0.75,1321,468,0.26,0,13.65,0.79,15,0.9,5/23/2024,M04707,4,176,DOP29 W3 Organoids M04707,29,Default Group,#999999,Organoids,N/A,24.4.2024,0
1,203,10,9,15847,122.5,1260,N/A,N/A,N/A,N/A,N/A,612.5,865,0.48,0,10.17,0.69,28,1,5/23/2024,M04707,4,176,DOP29 W3 Organoids M04707,29,Default Group,#999999,Organoids,N/A,24.4.2024,0
1,204,10,10,20839,2782.5,1645,0.228,214.2,214.2,243.1,1.1,1120.3,504,0.28,0,17.27,0.78,16,0.83,5/23/2024,M04707,4,176,DOP29 W3 Organoids M04707,29,Default Group,#999999,Organoids,N/A,24.4.2024,0
1,205,10,12,16865,2537.5,1330,0.35,1081.4,573.6,602.2,1.85,869.7,985,0.55,0.46,13.93,0.81,32,1,5/23/2024,M04707,4,176,DOP29 W3 Organoids M04707,29,Default Group,#999999,Organoids,N/A,24.4.2024,0
1,206,10,14,20592,2310,1627.5,0.26,438.6,319.1,297.5,1.35,914.3,662,0.37,0,15.91,0.82,22,0.97,5/23/2024,M04707,4,176,DOP29 W3 Organoids M04707,29,Default Group,#999999,Organoids,N/A,24.4.2024,0
1,207,10,15,9488,490,752.5,0.443,406.9,147.6,165.1,0.45,502.3,443,0.25,0,5.72,0.55,14,0.93,5/23/2024,M04707,4,176,DOP29 W3 Organoids M04707,29,Default Group,#999999,Organoids,N/A,24.4.2024,0
1,208,10,18,4013,927.5,315,0.351,217.6,217.6,195.7,1,507.1,415,0.23,0,7.04,0.66,13,0.9,5/23/2024,M04707,4,176,DOP29 W3 Organoids M04707,29,Default Group,#999999,Organoids,N/A,24.4.2024,0
1,209,10,20,11692,560,927.5,0.308,335.8,172,584.1,2.4,795.1,350,0.19,0,12.52,0.61,11,0.7,5/23/2024,M04707,4,176,DOP29 W3 Organoids M04707,29,Default Group,#999999,Organoids,N/A,24.4.2024,0
1,210,10,22,21759,3482.5,1715,N/A,N/A,N/A,N/A,N/A,615.4,429,0.24,0,4.26,0.29,14,0.83,5/23/2024,M04707,4,176,DOP29 W3 Organoids M04707,29,Default Group,#999999,Organoids,N/A,24.4.2024,0
1,211,10,23,10741,3167.5,840,0.349,1781.8,334,1975.6,4.15,542.8,1200,0.67,0,19.81,0.76,40,1,5/23/2024,M04707,4,176,DOP29 W3 Organoids M04707,29,Default Group,#999999,Organoids,N/A,24.4.2024,0
1,212,10,24,7957,647.5,630,N/A,N/A,N/A,N/A,N/A,755.2,850,0.47,0,12.03,0.59,28,0.97,5/23/2024,M04707,4,176,DOP29 W3 Organoids M04707,29,Default Group,#999999,Organoids,N/A,24.4.2024,0
1,213,10,29,16546,805,1312.5,0.276,129.7,129.7,133.3,0.55,869.6,574,0.32,0,7.14,0.81,19,0.97,5/23/2024,M04707,4,176,DOP29 W3 Organoids M04707,29,Default Group,#999999,Organoids,N/A,24.4.2024,0
1,214,10,31,19095,3062.5,1505,0.274,145.3,145.3,117.4,0.75,652.9,454,0.25,0,16.31,0.48,15,1,5/23/2024,M04707,4,176,DOP29 W3 Organoids M04707,29,Default Group,#999999,Organoids,N/A,24.4.2024,0
1,215,10,38,11899,332.5,945,0.421,573.8,305.9,299.6,0.9,338.8,675,0.37,0.99,N/A,N/A,22,1,5/23/2024,M04707,4,176,DOP29 W3 Organoids M04707,29,Default Group,#999999,Organoids,N/A,24.4.2024,0
1,216,10,39,7902,3535,612.5,N/A,N/A,N/A,N/A,N/A,561.5,1227,0.68,0,6.33,0.68,40,1,5/23/2024,M04707,4,176,DOP29 W3 Organoids M04707,29,Default Group,#999999,Organoids,N/A,24.4.2024,0
1,217,10,44,14484,3220,1137.5,0.336,571.7,340.9,332.5,1.2,604,345,0.19,0,15.4,0.7,11,0.8,5/23/2024,M04707,4,176,DOP29 W3 Organoids M04707,29,Default Group,#999999,Organoids,N/A,24.4.2024,0
1,218,10,46,2259,1032.5,175,0.399,161.7,161.7,144.3,0.45,476.9,409,0.23,0,11.1,0.71,13,0.67,5/23/2024,M04707,4,176,DOP29 W3 Organoids M04707,29,Default Group,#999999,Organoids,N/A,24.4.2024,0
1,219,10,49,10731,2992.5,840,0.353,1658.8,268.9,1936.4,4.1,526.1,1289,0.71,0,12.47,0.68,42,1,5/23/2024,M04707,4,176,DOP29 W3 Organoids M04707,29,Default Group,#999999,Organoids,N/A,24.4.2024,0
1,220,10,50,10382,735,822.5,0.33,275.4,145.3,150.5,0.65,474.4,590,0.33,0,4.61,0.71,19,1,5/23/2024,M04707,4,176,DOP29 W3 Organoids M04707,29,Default Group,#999999,Organoids,N/A,24.4.2024,0
1,221,10,51,15599,3482.5,1225,0.411,304.9,213.2,144.3,0.65,512.9,305,0.17,0,8.03,0.63,10,0.63,5/23/2024,M04707,4,176,DOP29 W3 Organoids M04707,29,Default Group,#999999,Organoids,N/A,24.4.2024,0
1,222,10,52,11850,3325,927.5,0.453,343.7,196.5,166,0.55,639,568,0.31,0,9.73,0.64,18,1,5/23/2024,M04707,4,176,DOP29 W3 Organoids M04707,29,Default Group,#999999,Organoids,N/A,24.4.2024,0
1,223,10,58,5299,332.5,420,N/A,N/A,N/A,N/A,N/A,517.9,737,0.41,0,3.96,0.56,24,0.73,5/23/2024,M04707,4,176,DOP29 W3 Organoids M04707,29,Default Group,#999999,Organoids,N/A,24.4.2024,0
1,224,10,61,19085,2887.5,1505,0.281,266.7,266.7,247.5,0.95,320.3,612,0.34,0,7.6,0.72,20,0.97,5/23/2024,M04707,4,176,DOP29 W3 Organoids M04707,29,Default Group,#999999,Organoids,N/A,24.4.2024,0
1,225,10,62,20036,280,1592.5,0.224,77.2,77.2,106.4,0.5,739,349,0.19,0,14.43,0.74,11,0.8,5/23/2024,M04707,4,176,DOP29 W3 Organoids M04707,29,Default Group,#999999,Organoids,N/A,24.4.2024,0
1,226,10,63,18041,17.5,1435,N/A,N/A,N/A,N/A,N/A,401.8,755,0.42,0,6.18,0.59,25,1,5/23/2024,M04707,4,176,DOP29 W3 Organoids M04707,29,Default Group,#999999,Organoids,N/A,24.4.2024,0
1,227,11,1,7535,962.5,595,0.39,172,172,165.1,0.5,670.1,421,0.23,0,5.3,0.64,13,0.87,5/23/2024,M04707,5,176,DOP29 W3 Organoids M04707,29,Default Group,#999999,Organoids,N/A,24.4.2024,0
1,228,11,2,9212,3360,717.5,0.326,896.2,365.7,2060.1,2.35,1555.8,435,0.23,0,8.16,0.58,14,0.94,5/23/2024,M04707,5,176,DOP29 W3 Organoids M04707,29,Default Group,#999999,Organoids,N/A,24.4.2024,0
1,229,11,6,14701,3167.5,1155,0.374,528.4,403.7,353.9,1.55,837.1,590,0.32,0,11.05,0.75,19,0.94,5/23/2024,M04707,5,176,DOP29 W3 Organoids M04707,29,Default Group,#999999,Organoids,N/A,24.4.2024,0
1,230,11,7,18235,3412.5,1435,0.39,392.1,392.1,472.8,1.5,896.9,338,0.18,0,6.84,0.62,10,0.74,5/23/2024,M04707,5,176,DOP29 W3 Organoids M04707,29,Default Group,#999999,Organoids,N/A,24.4.2024,0
1,231,11,12,10303,3202.5,805,0.448,865.5,431.2,527.6,1.35,778,819,0.44,0,3.2,0.5,26,1,5/23/2024,M04707,5,176,DOP29 W3 Organoids M04707,29,Default Group,#999999,Organoids,N/A,24.4.2024,0
1,232,11,13,3906,2905,297.5,0.433,112.2,112.2,87.5,0.25,742.6,600,0.32,0,8.71,0.61,19,1,5/23/2024,M04707,5,176,DOP29 W3 Organoids M04707,29,Default Group,#999999,Organoids,N/A,24.4.2024,0
1,233,11,14,3231,2642.5,245,0.377,496.5,372.9,199.5,0.95,615.1,1094,0.59,0,22.12,0.74,35,1,5/23/2024,M04707,5,176,DOP29 W3 Organoids M04707,29,Default Group,#999999,Organoids,N/A,24.4.2024,0
1,234,11,16,19350,3675,1522.5,0.29,624.8,482,309.6,3.1,427.8,1610,0.86,0,13.9,0.67,51,1,5/23/2024,M04707,5,176,DOP29 W3 Organoids M04707,29,Default Group,#999999,Organoids,N/A,24.4.2024,0
1,235,11,18,2908,840,227.5,0.406,426.5,426.5,175,1,973.6,403,0.22,0,16.24,0.87,13,0.81,5/23/2024,M04707,5,176,DOP29 W3 Organoids M04707,29,Default Group,#999999,Organoids,N/A,24.4.2024,0
1,236,11,24,8079,2782.5,630,0.318,84.5,84.5,175,0.55,375.9,499,0.27,0,12.68,0.62,16,1,5/23/2024,M04707,5,176,DOP29 W3 Organoids M04707,29,Default Group,#999999,Organoids,N/A,24.4.2024,0
1,237,11,31,15216,630,1207.5,0.32,147.2,147.2,140,0.55,375.8,409,0.22,0,6.14,0.67,13,0.77,5/23/2024,M04707,5,176,DOP29 W3 Organoids M04707,29,Default Group,#999999,Organoids,N/A,24.4.2024,0
1,238,11,33,7209,2957.5,560,0.391,169,169,161.3,0.45,573.6,454,0.24,0,12.8,0.6,14,0.97,5/23/2024,M04707,5,176,DOP29 W3 Organoids M04707,29,Default Group,#999999,Organoids,N/A,24.4.2024,0
1,239,11,34,18708,140,1487.5,N/A,N/A,N/A,N/A,N/A,554.6,849,0.46,0,6.5,0.4,27,0.97,5/23/2024,M04707,5,176,DOP29 W3 Organoids M04707,29,Default Group,#999999,Organoids,N/A,24.4.2024,0
1,240,11,36,19290,2625,1522.5,0.34,1098.6,484.8,470.9,1.55,343.4,601,0.32,0,15.89,0.67,19,1,5/23/2024,M04707,5,176,DOP29 W3 Organoids M04707,29,Default Group,#999999,Organoids,N/A,24.4.2024,0
1,241,11,40,20090,1225,1592.5,0.374,1772,517.1,1633.6,3.05,395.7,398,0.21,0,9.25,0.66,12,0.94,5/23/2024,M04707,5,176,DOP29 W3 Organoids M04707,29,Default Group,#999999,Organoids,N/A,24.4.2024,0
1,242,11,41,3830,1575,297.5,0.282,422.3,288.4,260.2,1.15,599.4,826,0.44,0,5.55,0.39,26,1,5/23/2024,M04707,5,176,DOP29 W3 Organoids M04707,29,Default Group,#999999,Organoids,N/A,24.4.2024,0
1,243,11,42,23622,1435,1872.5,0.338,530,417.8,262.5,1.15,273.2,644,0.35,0,9.99,0.68,20,1,5/23/2024,M04707,5,176,DOP29 W3 Organoids M04707,29,Default Group,#999999,Organoids,N/A,24.4.2024,0
1,244,11,45,22294,1295,1767.5,0.393,250.4,250.4,1551.2,3.6,329.7,495,0.27,0,10.11,0.54,15,0.9,5/23/2024,M04707,5,176,DOP29 W3 Organoids M04707,29,Default Group,#999999,Organoids,N/A,24.4.2024,0
1,245,11,46,2060,1400,157.5,0.145,77.2,77.2,72.2,0.55,571.3,438,0.23,0,13.24,0.72,14,0.94,5/23/2024,M04707,5,176,DOP29 W3 Organoids M04707,29,Default Group,#999999,Organoids,N/A,24.4.2024,0
1,246,11,47,17980,2800,1417.5,0.329,414.8,285.1,235.4,0.95,324.3,536,0.29,0,7.65,0.49,17,1,5/23/2024,M04707,5,176,DOP29 W3 Organoids M04707,29,Default Group,#999999,Organoids,N/A,24.4.2024,0
1,247,11,48,8158,315,647.5,0.338,644.1,348.2,282.2,1.15,307.5,342,0.18,0,14.36,0.59,11,0.84,5/23/2024,M04707,5,176,DOP29 W3 Organoids M04707,29,Default Group,#999999,Organoids,N/A,24.4.2024,0
1,248,11,51,11714,945,927.5,0.307,317,168.6,720.1,2.6,311.4,748,0.4,0,15,0.65,24,1,5/23/2024,M04707,5,176,DOP29 W3 Organoids M04707,29,Default Group,#999999,Organoids,N/A,24.4.2024,0
1,249,11,57,15824,3570,1242.5,0.287,524.2,260.6,2898.7,0.95,252.2,389,0.21,6.16,10.61,0.67,12,0.9,5/23/2024,M04707,5,176,DOP29 W3 Organoids M04707,29,Default Group,#999999,Organoids,N/A,24.4.2024,0
1,250,11,58,22601,2817.5,1785,N/A,N/A,N/A,N/A,N/A,310.6,879,0.47,0,8.58,0.73,28,0.97,5/23/2024,M04707,5,176,DOP29 W3 Organoids M04707,29,Default Group,#999999,Organoids,N/A,24.4.2024,0
1,251,11,59,8509,2607.5,665,0.429,1171.2,591.3,799.8,2.05,216.7,616,0.33,0,10.53,0.6,19,1,5/23/2024,M04707,5,176,DOP29 W3 Organoids M04707,29,Default Group,#999999,Organoids,N/A,24.4.2024,0
1,252,11,60,22015,262.5,1750,0.296,165.1,165.1,123.7,0.55,313.8,323,0.17,0,15.2,0.71,10,0.74,5/23/2024,M04707,5,176,DOP29 W3 Organoids M04707,29,Default Group,#999999,Organoids,N/A,24.4.2024,0
1,253,11,64,25820,1400,2047.5,N/A,N/A,N/A,N/A,N/A,1127.3,889,0.48,0,12.17,0.66,28,1,5/23/2024,M04707,5,176,DOP29 W3 Organoids M04707,29,Default Group,#999999,Organoids,N/A,24.4.2024,0
1,254,12,1,3392,1610,262.5,0.501,643.8,172,2355.8,4.85,1428.4,522,0.3,0,11.98,0.7,18,1,5/23/2024,M04707,6,176,DOP29 W3 Organoids M04707,29,Default Group,#999999,Organoids,N/A,24.4.2024,0
1,255,12,16,19889,1557.5,1575,0.351,737.2,300.2,345.2,1.55,334.9,459,0.26,2.07,6.52,0.41,15,1,5/23/2024,M04707,6,176,DOP29 W3 Organoids M04707,29,Default Group,#999999,Organoids,N/A,24.4.2024,0
1,256,12,23,1513,3377.5,105,0.395,305.9,305.9,288.6,0.8,307.4,353,0.2,0,11.2,0.7,12,0.97,5/23/2024,M04707,6,176,DOP29 W3 Organoids M04707,29,Default Group,#999999,Organoids,N/A,24.4.2024,0
1,257,12,42,24580,2800,1942.5,0.244,154.5,154.5,105,0.55,164,499,0.29,0,6.06,0.52,17,0.79,5/23/2024,M04707,6,176,DOP29 W3 Organoids M04707,29,Default Group,#999999,Organoids,N/A,24.4.2024,0
1,258,12,45,26129,2957.5,2065,0.393,115.6,115.6,2449.1,0.95,139.9,398,0.23,0,10.11,0.59,13,0.97,5/23/2024,M04707,6,176,DOP29 W3 Organoids M04707,29,Default Group,#999999,Organoids,N/A,24.4.2024,0
1,259,12,47,5566,1155,437.5,N/A,N/A,N/A,N/A,N/A,88.3,376,0.22,0,N/A,N/A,12,0.86,5/23/2024,M04707,6,176,DOP29 W3 Organoids M04707,29,Default Group,#999999,Organoids,N/A,24.4.2024,0
1,260,12,57,17962,2485,1417.5,0.329,217,217,437.9,1.4,101.5,632,0.36,3.28,N/A,N/A,21,0.93,5/23/2024,M04707,6,176,DOP29 W3 Organoids M04707,29,Default Group,#999999,Organoids,N/A,24.4.2024,0
1,261,13,3,15129,2957.5,1190,0.401,515.9,277,388.6,2.1,1362.8,1569,1,0,12.29,0.41,60,1,5/23/2024,M04632,1,177,DOP29 W3 Organoids M04632,29,Default Group,#999999,N/A,N/A,24.4.2024,0
1,262,13,4,3675,2712.5,280,0.413,234.6,150.1,2212,2.2,447.9,508,0.32,0,13.14,0.76,19,1,5/23/2024,M04632,1,177,DOP29 W3 Organoids M04632,29,Default Group,#999999,N/A,N/A,24.4.2024,0
1,263,13,6,8881,1417.5,700,0.439,655.1,243.1,776.7,1.15,312.5,361,0.23,0,13.93,0.78,13,0.96,5/23/2024,M04632,1,177,DOP29 W3 Organoids M04632,29,Default Group,#999999,N/A,N/A,24.4.2024,0
1,264,13,7,16108,840,1277.5,0.473,263.7,172,175.9,0.4,351.3,370,0.24,0,5.07,0.41,14,0.69,5/23/2024,M04632,1,177,DOP29 W3 Organoids M04632,29,Default Group,#999999,N/A,N/A,24.4.2024,0
1,265,13,8,20532,1260,1627.5,0.267,148.4,148.4,110.7,0.5,115.2,1001,0.64,0,N/A,N/A,38,1,5/23/2024,M04632,1,177,DOP29 W3 Organoids M04632,29,Default Group,#999999,N/A,N/A,24.4.2024,0
1,266,13,9,6018,1365,472.5,0.489,664.5,288.5,393.3,0.85,315.3,1341,0.86,0.43,6.21,0.67,51,1,5/23/2024,M04632,1,177,DOP29 W3 Organoids M04632,29,Default Group,#999999,N/A,N/A,24.4.2024,0
1,267,13,12,11611,2992.5,910,0.477,206.8,206.8,189.3,0.5,247,1246,0.8,0,10.88,0.63,47,1,5/23/2024,M04632,1,177,DOP29 W3 Organoids M04632,29,Default Group,#999999,N/A,N/A,24.4.2024,0
1,268,13,14,9178,2765,717.5,0.382,977.4,292.5,1889.4,3.55,224.9,278,0.18,0,13.93,0.58,10,0.69,5/23/2024,M04632,1,177,DOP29 W3 Organoids M04632,29,Default Group,#999999,N/A,N/A,24.4.2024,0
1,269,13,15,6110,2975,472.5,N/A,N/A,N/A,N/A,N/A,147,555,0.35,0,N/A,N/A,21,1,5/23/2024,M04632,1,177,DOP29 W3 Organoids M04632,29,Default Group,#999999,N/A,N/A,24.4.2024,0
1,270,13,16,9303,1102.5,735,0.346,643.7,355.3,1321.9,3.15,207.5,948,0.61,0,6.78,0.53,36,1,5/23/2024,M04632,1,177,DOP29 W3 Organoids M04632,29,Default Group,#999999,N/A,N/A,24.4.2024,0
1,271,13,17,21828,840,1732.5,0.418,582.7,358.5,2173.4,4.05,517.8,835,0.53,0,10.95,0.79,32,1,5/23/2024,M04632,1,177,DOP29 W3 Organoids M04632,29,Default Group,#999999,N/A,N/A,24.4.2024,0
1,272,13,19,17126,3255,1347.5,0.336,256.5,256.5,2338.8,0.9,71.3,542,0.35,0,0.49,-0.06,20,0.73,5/23/2024,M04632,1,177,DOP29 W3 Organoids M04632,29,Default Group,#999999,N/A,N/A,24.4.2024,0
1,273,13,20,756,1680,52.5,N/A,N/A,N/A,N/A,N/A,345.3,332,0.21,0,10.37,0.68,12,0.85,5/23/2024,M04632,1,177,DOP29 W3 Organoids M04632,29,Default Group,#999999,N/A,N/A,24.4.2024,0
1,274,13,21,1881,2117.5,140,N/A,N/A,N/A,N/A,N/A,234.7,378,0.24,0,4.54,0.45,14,1,5/23/2024,M04632,1,177,DOP29 W3 Organoids M04632,29,Default Group,#999999,N/A,N/A,24.4.2024,0
1,275,13,22,571,2292.5,35,N/A,N/A,N/A,N/A,N/A,229.7,332,0.21,0,9.72,0.67,12,0.85,5/23/2024,M04632,1,177,DOP29 W3 Organoids M04632,29,Default Group,#999999,N/A,N/A,24.4.2024,0
1,276,13,24,22063,1102.5,1750,0.43,917.7,320.4,1787.5,3.1,197.4,789,0.5,0,10.76,0.59,30,1,5/23/2024,M04632,1,177,DOP29 W3 Organoids M04632,29,Default Group,#999999,N/A,N/A,24.4.2024,0
1,277,13,25,21500,2800,1697.5,0.369,819.6,243,2081.2,2.65,307.5,1098,0.7,0,9.04,0.65,42,1,5/23/2024,M04632,1,177,DOP29 W3 Organoids M04632,29,Default Group,#999999,N/A,N/A,24.4.2024,0
1,278,13,26,17673,1277.5,1400,0.369,186.4,186.4,149.5,0.5,250.5,1148,0.73,0,13.22,0.57,44,1,5/23/2024,M04632,1,177,DOP29 W3 Organoids M04632,29,Default Group,#999999,N/A,N/A,24.4.2024,0
1,279,13,27,25914,3045,2047.5,N/A,N/A,N/A,N/A,N/A,229,317,0.2,0,14.49,0.63,12,0.92,5/23/2024,M04632,1,177,DOP29 W3 Organoids M04632,29,Default Group,#999999,N/A,N/A,24.4.2024,0
1,280,13,29,25221,2467.5,1995,0.38,91.7,91.7,55.3,0.3,191.5,561,0.36,0,13.67,0.72,21,1,5/23/2024,M04632,1,177,DOP29 W3 Organoids M04632,29,Default Group,#999999,N/A,N/A,24.4.2024,0
1,281,13,32,12618,1365,997.5,0.421,589.2,327.5,276.7,0.85,145.3,1316,0.84,0,N/A,N/A,50,1,5/23/2024,M04632,1,177,DOP29 W3 Organoids M04632,29,Default Group,#999999,N/A,N/A,24.4.2024,0
1,282,13,33,23925,2887.5,1890,0.397,747.8,347.2,243.1,0.95,175.7,374,0.24,0,4.76,0.52,14,1,5/23/2024,M04632,1,177,DOP29 W3 Organoids M04632,29,Default Group,#999999,N/A,N/A,24.4.2024,0
1,283,13,35,7330,1225,577.5,0.303,483.1,186.4,892.3,4.8,231.5,596,0.38,0,7.18,0.37,22,1,5/23/2024,M04632,1,177,DOP29 W3 Organoids M04632,29,Default Group,#999999,N/A,N/A,24.4.2024,0
1,284,13,36,17333,3027.5,1365,0.427,845.7,270.9,1804.2,3.45,171.4,1867,1.19,0,4.82,0.51,71,1,5/23/2024,M04632,1,177,DOP29 W3 Organoids M04632,29,Default Group,#999999,N/A,N/A,24.4.2024,0
1,285,13,38,326,1855,17.5,N/A,N/A,N/A,N/A,N/A,240.8,358,0.23,0,8.4,0.58,13,0.96,5/23/2024,M04632,1,177,DOP29 W3 Organoids M04632,29,Default Group,#999999,N/A,N/A,24.4.2024,0
1,286,13,41,3215,2362.5,245,0.324,144.2,144.2,148.5,0.55,131.4,302,0.19,0,6.27,0.56,11,0.81,5/23/2024,M04632,1,177,DOP29 W3 Organoids M04632,29,Default Group,#999999,N/A,N/A,24.4.2024,0
1,287,13,42,21313,3377.5,1680,0.451,116.4,116.4,127.4,0.25,269.4,305,0.2,0,11.24,0.6,11,0.73,5/23/2024,M04632,1,177,DOP29 W3 Organoids M04632,29,Default Group,#999999,N/A,N/A,24.4.2024,0
1,288,13,43,8768,3290,682.5,0.392,297.8,158.6,189.3,0.4,262.4,1507,0.96,11.19,N/A,N/A,57,1,5/23/2024,M04632,1,177,DOP29 W3 Organoids M04632,29,Default Group,#999999,N/A,N/A,24.4.2024,0
1,289,13,44,21291,2992.5,1680,0.314,320.4,232.9,175.9,0.75,197.4,1343,0.86,0,4.63,0.56,51,1,5/23/2024,M04632,1,177,DOP29 W3 Organoids M04632,29,Default Group,#999999,N/A,N/A,24.4.2024,0
1,290,13,45,802,2485,52.5,N/A,N/A,N/A,N/A,N/A,490,417,0.27,0,18.64,0.76,16,0.88,5/23/2024,M04632,1,177,DOP29 W3 Organoids M04632,29,Default Group,#999999,N/A,N/A,24.4.2024,0
1,291,13,46,25824,1470,2047.5,0.376,581.1,295.7,1920,2.7,187.4,487,0.31,0,1.54,0.18,18,1,5/23/2024,M04632,1,177,DOP29 W3 Organoids M04632,29,Default Group,#999999,N/A,N/A,24.4.2024,0
1,292,13,49,13819,3132.5,1085,0.429,747.8,326.2,2266.6,2.45,223.9,989,0.63,0,9.94,0.65,38,1,5/23/2024,M04632,1,177,DOP29 W3 Organoids M04632,29,Default Group,#999999,N/A,N/A,24.4.2024,0
1,293,13,51,25014,2695,1977.5,0.383,260.1,260.1,2010,4.2,110.5,353,0.23,0,8.06,0.6,13,0.88,5/23/2024,M04632,1,177,DOP29 W3 Organoids M04632,29,Default Group,#999999,N/A,N/A,24.4.2024,0
1,294,13,53,3814,1295,297.5,N/A,N/A,N/A,N/A,N/A,77.4,1295,0.83,0.23,5.14,0.4,49,1,5/23/2024,M04632,1,177,DOP29 W3 Organoids M04632,29,Default Group,#999999,N/A,N/A,24.4.2024,0
1,295,13,55,18645,2887.5,1470,0.487,281.1,168.9,161.3,0.45,139,353,0.23,0,9.41,0.63,13,0.81,5/23/2024,M04632,1,177,DOP29 W3 Organoids M04632,29,Default Group,#999999,N/A,N/A,24.4.2024,0
1,296,13,56,11147,2572.5,875,N/A,N/A,N/A,N/A,N/A,63.5,525,0.34,0,6.5,0.57,20,0.65,5/23/2024,M04632,1,177,DOP29 W3 Organoids M04632,29,Default Group,#999999,N/A,N/A,24.4.2024,0
1,297,13,59,24735,1662.5,1960,0.332,1229.5,284.3,1495,4.6,119.9,1165,0.74,0,6.2,0.65,44,1,5/23/2024,M04632,1,177,DOP29 W3 Organoids M04632,29,Default Group,#999999,N/A,N/A,24.4.2024,0
1,298,13,61,15656,630,1242.5,0.338,221.4,112.2,127.4,0.6,167.6,612,0.39,4.18,N/A,N/A,23,0.81,5/23/2024,M04632,1,177,DOP29 W3 Organoids M04632,29,Default Group,#999999,N/A,N/A,24.4.2024,0
1,299,13,62,7127,1522.5,560,0.467,274,274,245,0.7,144.3,547,0.35,0,6.85,0.53,21,0.92,5/23/2024,M04632,1,177,DOP29 W3 Organoids M04632,29,Default Group,#999999,N/A,N/A,24.4.2024,0
1,300,13,63,11724,1120,927.5,N/A,N/A,N/A,N/A,N/A,64.3,292,0.19,0,6.6,0.49,11,0.65,5/23/2024,M04632,1,177,DOP29 W3 Organoids M04632,29,Default Group,#999999,N/A,N/A,24.4.2024,0
1,301,13,64,23176,1330,1837.5,0.289,102,102,117.4,0.6,93.6,521,0.33,0,9.54,0.72,20,1,5/23/2024,M04632,1,177,DOP29 W3 Organoids M04632,29,Default Group,#999999,N/A,N/A,24.4.2024,0
1,302,14,1,13998,2415,1102.5,0.298,116.4,116.4,144.3,0.5,291,312,0.21,0,16.64,0.67,12,0.76,5/23/2024,M04632,2,177,DOP29 W3 Organoids M04632,29,Default Group,#999999,N/A,N/A,24.4.2024,0
1,303,14,2,17966,2555,1417.5,0.312,407,156.7,898.7,1.65,495.7,308,0.2,11.89,7.52,0.73,12,0.88,5/23/2024,M04632,2,177,DOP29 W3 Organoids M04632,29,Default Group,#999999,N/A,N/A,24.4.2024,0
1,304,14,3,8178,665,647.5,0.424,200.9,200.9,696.9,3.85,201.7,455,0.3,0,4.28,0.42,18,0.96,5/23/2024,M04632,2,177,DOP29 W3 Organoids M04632,29,Default Group,#999999,N/A,N/A,24.4.2024,0
1,305,14,6,12371,892.5,980,0.409,313.2,204,158.5,0.65,316.1,1972,1.31,0,14.09,0.59,78,1,5/23/2024,M04632,2,177,DOP29 W3 Organoids M04632,29,Default Group,#999999,N/A,N/A,24.4.2024,0
1,306,14,7,18758,1015,1487.5,0.303,105,105,123.7,0.45,244,340,0.23,0,7.28,0.63,13,0.8,5/23/2024,M04632,2,177,DOP29 W3 Organoids M04632,29,Default Group,#999999,N/A,N/A,24.4.2024,0
1,307,14,8,3583,1102.5,280,0.275,144.2,144.2,87.5,0.65,146.4,330,0.22,0,8.55,0.58,13,1,5/23/2024,M04632,2,177,DOP29 W3 Organoids M04632,29,Default Group,#999999,N/A,N/A,24.4.2024,0
1,308,14,9,10922,2485,857.5,0.426,954.7,274,628.3,2.15,223.5,861,0.57,0,14.74,0.69,34,1,5/23/2024,M04632,2,177,DOP29 W3 Organoids M04632,29,Default Group,#999999,N/A,N/A,24.4.2024,0
1,309,14,10,23620,1400,1872.5,0.423,396.3,304.7,407,0.65,202.8,582,0.39,0,7.46,0.54,23,1,5/23/2024,M04632,2,177,DOP29 W3 Organoids M04632,29,Default Group,#999999,N/A,N/A,24.4.2024,0
1,310,14,11,15453,927.5,1225,0.371,309,154.5,245.6,0.55,213.6,977,0.65,0,9.58,0.6,39,1,5/23/2024,M04632,2,177,DOP29 W3 Organoids M04632,29,Default Group,#999999,N/A,N/A,24.4.2024,0
1,311,14,12,8523,2852.5,665,0.261,133.9,133.9,72.2,0.55,174.1,648,0.43,0,5.79,0.67,25,0.96,5/23/2024,M04632,2,177,DOP29 W3 Organoids M04632,29,Default Group,#999999,N/A,N/A,24.4.2024,0
1,312,14,18,15905,1137.5,1260,0.345,84.5,84.5,1198.2,3.45,176.2,1006,0.67,0,15.31,0.69,40,1,5/23/2024,M04632,2,177,DOP29 W3 Organoids M04632,29,Default Group,#999999,N/A,N/A,24.4.2024,0
1,313,14,22,6432,910,507.5,0.441,116.4,116.4,87.5,0.6,100.5,266,0.18,0,7.91,0.57,10,0.76,5/23/2024,M04632,2,177,DOP29 W3 Organoids M04632,29,Default Group,#999999,N/A,N/A,24.4.2024,0
1,314,14,23,20570,1925,1627.5,0.39,1239.3,288.8,288.6,1.3,323,835,0.56,0,11.65,0.59,33,1,5/23/2024,M04632,2,177,DOP29 W3 Organoids M04632,29,Default Group,#999999,N/A,N/A,24.4.2024,0
1,315,14,24,17727,2222.5,1400,N/A,N/A,N/A,N/A,N/A,130.3,507,0.34,0,4.98,0.48,20,1,5/23/2024,M04632,2,177,DOP29 W3 Organoids M04632,29,Default Group,#999999,N/A,N/A,24.4.2024,0
1,316,14,26,718,1015,52.5,N/A,N/A,N/A,N/A,N/A,93.1,1469,0.98,0.17,4.42,0.36,58,1,5/23/2024,M04632,2,177,DOP29 W3 Organoids M04632,29,Default Group,#999999,N/A,N/A,24.4.2024,0
1,317,14,27,11037,647.5,875,N/A,N/A,N/A,N/A,N/A,148.4,669,0.44,0,7.66,0.56,26,1,5/23/2024,M04632,2,177,DOP29 W3 Organoids M04632,29,Default Group,#999999,N/A,N/A,24.4.2024,0
1,318,14,28,16198,2415,1277.5,0.353,94.7,94.7,102,0.35,157.4,865,0.58,0,6.44,0.45,34,1,5/23/2024,M04632,2,177,DOP29 W3 Organoids M04632,29,Default Group,#999999,N/A,N/A,24.4.2024,0
1,319,14,29,5419,2432.5,420,0.232,77.2,77.2,89.2,0.35,105.8,306,0.2,0,N/A,N/A,12,1,5/23/2024,M04632,2,177,DOP29 W3 Organoids M04632,29,Default Group,#999999,N/A,N/A,24.4.2024,0
1,320,14,35,9727,822.5,770,0.192,70,70,252.4,0.35,74.4,898,0.6,0,3.83,0.33,35,1,5/23/2024,M04632,2,177,DOP29 W3 Organoids M04632,29,Default Group,#999999,N/A,N/A,24.4.2024,0
1,321,14,36,774,1995,52.5,0.523,129.7,129.7,1295.7,0.4,213.7,299,0.2,4.2,N/A,N/A,11,0.64,5/23/2024,M04632,2,177,DOP29 W3 Organoids M04632,29,Default Group,#999999,N/A,N/A,24.4.2024,0
1,322,14,37,20980,1400,1662.5,0.327,94.7,94.7,89.2,0.35,153.3,527,0.35,0,10.31,0.52,21,1,5/23/2024,M04632,2,177,DOP29 W3 Organoids M04632,29,Default Group,#999999,N/A,N/A,24.4.2024,0
1,323,14,38,7625,2537.5,595,0.421,697.2,384.3,1106.8,3,85.4,345,0.23,0,5.91,0.43,13,0.8,5/23/2024,M04632,2,177,DOP29 W3 Organoids M04632,29,Default Group,#999999,N/A,N/A,24.4.2024,0
1,324,14,40,1893,2327.5,140,N/A,N/A,N/A,N/A,N/A,69.9,376,0.25,0,N/A,N/A,15,0.96,5/23/2024,M04632,2,177,DOP29 W3 Organoids M04632,29,Default Group,#999999,N/A,N/A,24.4.2024,0
1,325,14,41,22089,1557.5,1750,0.407,1435.8,461.5,801.6,2,111.8,441,0.29,0,3.75,0.4,17,0.88,5/23/2024,M04632,2,177,DOP29 W3 Organoids M04632,29,Default Group,#999999,N/A,N/A,24.4.2024,0
1,326,14,44,24950,1575,1977.5,N/A,N/A,N/A,N/A,N/A,62.4,457,0.3,0,4.73,0.39,18,1,5/23/2024,M04632,2,177,DOP29 W3 Organoids M04632,29,Default Group,#999999,N/A,N/A,24.4.2024,0
1,327,14,49,14426,2205,1137.5,0.392,289.5,289.5,243.1,0.8,55.4,298,0.2,0,3.58,0.31,11,0.68,5/23/2024,M04632,2,177,DOP29 W3 Organoids M04632,29,Default Group,#999999,N/A,N/A,24.4.2024,0
1,328,14,51,17207,822.5,1365,0.345,1138.1,471.1,1155.7,2.3,129.4,389,0.26,0,7.98,0.52,15,0.92,5/23/2024,M04632,2,177,DOP29 W3 Organoids M04632,29,Default Group,#999999,N/A,N/A,24.4.2024,0
1,329,14,52,16359,1382.5,1295,0.417,609.8,458.4,602.7,2.25,108.6,283,0.19,0,N/A,N/A,11,0.6,5/23/2024,M04632,2,177,DOP29 W3 Organoids M04632,29,Default Group,#999999,N/A,N/A,24.4.2024,0
1,330,14,56,784,2170,52.5,0.205,91.6,91.6,770.8,1.6,170.2,371,0.25,0,3.08,0.31,14,0.96,5/23/2024,M04632,2,177,DOP29 W3 Organoids M04632,29,Default Group,#999999,N/A,N/A,24.4.2024,0
1,331,14,59,20114,1645,1592.5,0.38,291.5,207,175,0.6,40.6,312,0.21,0,N/A,N/A,12,0.8,5/23/2024,M04632,2,177,DOP29 W3 Organoids M04632,29,Default Group,#999999,N/A,N/A,24.4.2024,0
1,332,14,60,23383,1102.5,1855,0.304,348.1,348.1,853.2,1.15,49,468,0.31,0,N/A,N/A,18,1,5/23/2024,M04632,2,177,DOP29 W3 Organoids M04632,29,Default Group,#999999,N/A,N/A,24.4.2024,0
1,333,15,9,25579,1032.5,2030,N/A,N/A,N/A,N/A,N/A,737.6,788,0.45,0,34.04,0.88,27,1,5/23/2024,M04632,3,177,DOP29 W3 Organoids M04632,29,Default Group,#999999,N/A,N/A,24.4.2024,0
1,334,15,11,8176,630,647.5,0.394,552.9,275,182.7,0.6,776.5,1185,0.68,0.93,7.55,0.7,40,1,5/23/2024,M04632,3,177,DOP29 W3 Organoids M04632,29,Default Group,#999999,N/A,N/A,24.4.2024,0
1,335,15,18,20628,2940,1627.5,0.384,2227.6,579.6,1392.2,5.65,481.9,628,0.36,0,21.29,0.62,21,1,5/23/2024,M04632,3,177,DOP29 W3 Organoids M04632,29,Default Group,#999999,N/A,N/A,24.4.2024,0
1,336,15,20,1692,2660,122.5,0.316,199.6,199.6,161.3,0.8,421.9,464,0.27,0,14.44,0.63,16,0.9,5/23/2024,M04632,3,177,DOP29 W3 Organoids M04632,29,Default Group,#999999,N/A,N/A,24.4.2024,0
1,337,15,21,20948,840,1662.5,0.422,250.3,250.3,230.2,0.65,371.9,768,0.44,0.74,11.31,0.51,26,1,5/23/2024,M04632,3,177,DOP29 W3 Organoids M04632,29,Default Group,#999999,N/A,N/A,24.4.2024,0
1,338,15,24,3818,1365,297.5,0.48,502.6,176.2,1804.6,1.15,715.2,610,0.35,0,7.87,0.69,21,1,5/23/2024,M04632,3,177,DOP29 W3 Organoids M04632,29,Default Group,#999999,N/A,N/A,24.4.2024,0
1,339,15,25,16763,752.5,1330,0.39,393.4,298.7,204.8,0.85,504.4,688,0.39,0,10.6,0.66,23,1,5/23/2024,M04632,3,177,DOP29 W3 Organoids M04632,29,Default Group,#999999,N/A,N/A,24.4.2024,0
1,340,15,28,15816,3430,1242.5,0.35,520,234.7,526.2,2.85,390.6,386,0.22,0,11.7,0.68,13,0.93,5/23/2024,M04632,3,177,DOP29 W3 Organoids M04632,29,Default Group,#999999,N/A,N/A,24.4.2024,0
1,341,15,29,12746,3605,997.5,0.296,254.9,139.8,117.4,0.5,424.5,1355,0.78,0,12.07,0.66,46,1,5/23/2024,M04632,3,177,DOP29 W3 Organoids M04632,29,Default Group,#999999,N/A,N/A,24.4.2024,0
1,342,15,30,11278,1015,892.5,0.313,1519.3,537.6,822.7,3.5,583.6,834,0.48,0,23.8,0.61,28,1,5/23/2024,M04632,3,177,DOP29 W3 Organoids M04632,29,Default Group,#999999,N/A,N/A,24.4.2024,0
1,343,15,35,7499,332.5,595,0.269,285.3,208.1,2077.2,2.15,571.8,703,0.4,6.18,8.33,0.64,24,1,5/23/2024,M04632,3,177,DOP29 W3 Organoids M04632,29,Default Group,#999999,N/A,N/A,24.4.2024,0
1,344,15,36,16124,1120,1277.5,0.329,326.2,193.6,166,0.7,241.7,617,0.35,0,9.22,0.63,21,1,5/23/2024,M04632,3,177,DOP29 W3 Organoids M04632,29,Default Group,#999999,N/A,N/A,24.4.2024,0
1,345,15,37,18979,1032.5,1505,0.302,355.3,141.1,1750,1.4,297.2,1523,0.87,0,11.66,0.71,52,1,5/23/2024,M04632,3,177,DOP29 W3 Organoids M04632,29,Default Group,#999999,N/A,N/A,24.4.2024,0
1,346,15,40,13831,3342.5,1085,0.397,644.8,295.7,250.6,0.9,448.1,692,0.4,0,8.94,0.55,23,1,5/23/2024,M04632,3,177,DOP29 W3 Organoids M04632,29,Default Group,#999999,N/A,N/A,24.4.2024,0
1,347,15,41,10163,752.5,805,0.378,1835,480.9,699.3,2.45,269.7,697,0.4,0,13.6,0.63,24,1,5/23/2024,M04632,3,177,DOP29 W3 Organoids M04632,29,Default Group,#999999,N/A,N/A,24.4.2024,0
1,348,15,51,7647,2922.5,595,0.331,260.6,161.7,94.2,0.45,256.1,1259,0.72,0,7.54,0.59,43,1,5/23/2024,M04632,3,177,DOP29 W3 Organoids M04632,29,Default Group,#999999,N/A,N/A,24.4.2024,0
1,349,15,52,3472,3010,262.5,0.374,434,259.8,485.3,1.6,432.7,419,0.24,0,9.8,0.82,14,0.79,5/23/2024,M04632,3,177,DOP29 W3 Organoids M04632,29,Default Group,#999999,N/A,N/A,24.4.2024,0
1,350,15,54,10528,3290,822.5,0.346,154.5,154.5,150.5,0.5,422.1,547,0.31,0,9.03,0.66,18,1,5/23/2024,M04632,3,177,DOP29 W3 Organoids M04632,29,Default Group,#999999,N/A,N/A,24.4.2024,0
1,351,15,55,24671,542.5,1960,0.373,102,102,117.4,0.35,275.6,314,0.18,0,12.61,0.66,10,0.72,5/23/2024,M04632,3,177,DOP29 W3 Organoids M04632,29,Default Group,#999999,N/A,N/A,24.4.2024,0
1,352,15,63,3022,2835,227.5,0.347,883.7,283.3,2064.9,4.65,352.5,1935,1.11,0,8.26,0.73,66,1,5/23/2024,M04632,3,177,DOP29 W3 Organoids M04632,29,Default Group,#999999,N/A,N/A,24.4.2024,0
1,353,15,64,10372,560,822.5,0.447,1204,310,289.7,1.05,267,1293,0.74,0.26,5.88,0.55,44,1,5/23/2024,M04632,3,177,DOP29 W3 Organoids M04632,29,Default Group,#999999,N/A,N/A,24.4.2024,0
1,354,16,5,728,1190,52.5,N/A,N/A,N/A,N/A,N/A,727.8,358,0.21,0,6.6,0.75,12,0.72,5/23/2024,M04632,4,177,DOP29 W3 Organoids M04632,29,Default Group,#999999,N/A,N/A,24.4.2024,0
1,355,16,6,15619,3832.5,1225,N/A,N/A,N/A,N/A,N/A,530.4,619,0.35,0,7.89,0.68,21,1,5/23/2024,M04632,4,177,DOP29 W3 Organoids M04632,29,Default Group,#999999,N/A,N/A,24.4.2024,0
1,356,16,13,23664,2170,1872.5,0.37,643.7,253.3,149.5,0.85,276.1,2563,1.47,0.46,N/A,N/A,88,1,5/23/2024,M04632,4,177,DOP29 W3 Organoids M04632,29,Default Group,#999999,N/A,N/A,24.4.2024,0
1,357,16,15,1300,3500,87.5,0.314,484.8,215.3,182.7,0.7,404.2,447,0.26,0,16.07,0.7,15,0.86,5/23/2024,M04632,4,177,DOP29 W3 Organoids M04632,29,Default Group,#999999,N/A,N/A,24.4.2024,0
1,358,16,17,587,2572.5,35,0.355,438.9,172,1820,3.05,505.6,512,0.29,0,15.77,0.7,17,0.9,5/23/2024,M04632,4,177,DOP29 W3 Organoids M04632,29,Default Group,#999999,N/A,N/A,24.4.2024,0
1,359,16,18,12079,3482.5,945,0.429,776.6,340.9,298,0.95,472,541,0.31,0,12.65,0.74,18,1,5/23/2024,M04632,4,177,DOP29 W3 Organoids M04632,29,Default Group,#999999,N/A,N/A,24.4.2024,0
1,360,16,21,2906,805,227.5,0.442,492.2,288.4,186,0.65,992.4,630,0.36,0,17.6,0.69,21,1,5/23/2024,M04632,4,177,DOP29 W3 Organoids M04632,29,Default Group,#999999,N/A,N/A,24.4.2024,0
1,361,16,22,6406,455,507.5,0.345,250.2,138,2517.4,1.25,456.3,574,0.33,0,5.15,0.56,19,1,5/23/2024,M04632,4,177,DOP29 W3 Organoids M04632,29,Default Group,#999999,N/A,N/A,24.4.2024,0
1,362,16,25,1347,472.5,105,0.458,164.6,164.6,144.3,0.4,492.3,330,0.19,0,7.09,0.51,11,0.79,5/23/2024,M04632,4,177,DOP29 W3 Organoids M04632,29,Default Group,#999999,N/A,N/A,24.4.2024,0
1,363,16,26,20843,2852.5,1645,0.346,229.6,229.6,175,0.85,352.9,2290,1.31,0,6.56,0.62,78,1,5/23/2024,M04632,4,177,DOP29 W3 Organoids M04632,29,Default Group,#999999,N/A,N/A,24.4.2024,0
1,364,16,28,9502,735,752.5,0.325,579.9,253.5,497.4,1.95,830.4,1620,0.93,0,3.13,0.53,55,1,5/23/2024,M04632,4,177,DOP29 W3 Organoids M04632,29,Default Group,#999999,N/A,N/A,24.4.2024,0
1,365,16,29,18774,1295,1487.5,0.391,455.7,299,245.6,1,284.2,528,0.3,0,5.36,0.57,18,1,5/23/2024,M04632,4,177,DOP29 W3 Organoids M04632,29,Default Group,#999999,N/A,N/A,24.4.2024,0
1,366,16,34,10548,3640,822.5,0.285,77.2,77.2,106.4,0.4,431.2,358,0.21,0,7.35,0.85,12,0.69,5/23/2024,M04632,4,177,DOP29 W3 Organoids M04632,29,Default Group,#999999,N/A,N/A,24.4.2024,0
1,367,16,36,8543,3202.5,665,0.315,533.5,533.5,529.6,1.8,415.1,676,0.39,0,8.63,0.47,23,0.97,5/23/2024,M04632,4,177,DOP29 W3 Organoids M04632,29,Default Group,#999999,N/A,N/A,24.4.2024,0
1,368,16,48,26005,787.5,2065,0.363,355.4,186.4,539.1,1.65,218.2,872,0.5,0.57,19.91,0.68,30,1,5/23/2024,M04632,4,177,DOP29 W3 Organoids M04632,29,Default Group,#999999,N/A,N/A,24.4.2024,0
1,369,16,49,24448,490,1942.5,0.35,157.5,157.5,175.9,0.55,221.1,495,0.28,0,15.86,0.75,17,0.97,5/23/2024,M04632,4,177,DOP29 W3 Organoids M04632,29,Default Group,#999999,N/A,N/A,24.4.2024,0
1,370,16,50,13269,1207.5,1050,0.367,1329,597.4,638.7,1.9,246.5,1123,0.64,0.35,3.92,0.43,38,1,5/23/2024,M04632,4,177,DOP29 W3 Organoids M04632,29,Default Group,#999999,N/A,N/A,24.4.2024,0
1,371,16,53,12801,717.5,1015,0.281,119.5,119.5,87.5,0.4,240,388,0.22,0,5.18,0.58,13,0.76,5/23/2024,M04632,4,177,DOP29 W3 Organoids M04632,29,Default Group,#999999,N/A,N/A,24.4.2024,0
1,372,16,57,14932,3360,1172.5,N/A,N/A,N/A,N/A,N/A,239,416,0.24,0,7.66,0.61,14,0.9,5/23/2024,M04632,4,177,DOP29 W3 Organoids M04632,29,Default Group,#999999,N/A,N/A,24.4.2024,0
1,373,16,58,3251,2992.5,245,0.318,754.9,498.5,604.4,2.5,200.7,1514,0.87,0,13.48,0.71,52,1,5/23/2024,M04632,4,177,DOP29 W3 Organoids M04632,29,Default Group,#999999,N/A,N/A,24.4.2024,0
1,374,16,60,9459,3832.5,735,0.422,84.5,84.5,55.3,0.2,177.1,3352,1.92,0.16,N/A,N/A,115,1,5/23/2024,M04632,4,177,DOP29 W3 Organoids M04632,29,Default Group,#999999,N/A,N/A,24.4.2024,0
1,375,16,64,21747,3272.5,1715,0.422,326.8,172.3,158.5,0.5,261.2,340,0.19,0,12.92,0.53,11,0.62,5/23/2024,M04632,4,177,DOP29 W3 Organoids M04632,29,Default Group,#999999,N/A,N/A,24.4.2024,0
1,376,17,1,2994,2345,227.5,0.423,137,137,141.1,0.5,407.7,743,0.43,0,13.22,0.59,25,1,5/23/2024,M04632,5,177,DOP29 W3 Organoids M04632,29,Default Group,#999999,N/A,N/A,24.4.2024,0
1,377,17,4,22135,2362.5,1750,N/A,N/A,N/A,N/A,N/A,363.3,789,0.45,0,2.29,0.28,27,0.72,5/23/2024,M04632,5,177,DOP29 W3 Organoids M04632,29,Default Group,#999999,N/A,N/A,24.4.2024,0
1,378,17,6,967,1522.5,70,N/A,N/A,N/A,N/A,N/A,205,1115,0.64,0,13.26,0.59,38,1,5/23/2024,M04632,5,177,DOP29 W3 Organoids M04632,29,Default Group,#999999,N/A,N/A,24.4.2024,0
1,379,17,7,9293,927.5,735,0.287,728.2,320.4,549.2,2.5,223.6,1397,0.8,0,11.4,0.56,48,1,5/23/2024,M04632,5,177,DOP29 W3 Organoids M04632,29,Default Group,#999999,N/A,N/A,24.4.2024,0
1,380,17,8,6779,3132.5,525,N/A,N/A,N/A,N/A,N/A,255.9,373,0.21,0,12.52,0.75,12,0.79,5/23/2024,M04632,5,177,DOP29 W3 Organoids M04632,29,Default Group,#999999,N/A,N/A,24.4.2024,0
1,381,17,9,5648,2590,437.5,0.356,855,427.4,393.3,2.15,217.7,505,0.29,0,15.84,0.79,17,1,5/23/2024,M04632,5,177,DOP29 W3 Organoids M04632,29,Default Group,#999999,N/A,N/A,24.4.2024,0
1,382,17,11,15774,2695,1242.5,0.368,538.7,327.6,356.9,0.8,139.8,3401,1.95,0,10.46,0.51,117,1,5/23/2024,M04632,5,177,DOP29 W3 Organoids M04632,29,Default Group,#999999,N/A,N/A,24.4.2024,0
1,383,17,13,3165,1487.5,245,0.409,295.6,295.6,243.7,0.9,238.8,401,0.23,0,13.69,0.66,13,0.76,5/23/2024,M04632,5,177,DOP29 W3 Organoids M04632,29,Default Group,#999999,N/A,N/A,24.4.2024,0
1,384,17,14,12793,577.5,1015,N/A,N/A,N/A,N/A,N/A,184,1150,0.66,0,4.15,0.5,39,0.83,5/23/2024,M04632,5,177,DOP29 W3 Organoids M04632,29,Default Group,#999999,N/A,N/A,24.4.2024,0
1,385,17,15,15597,3447.5,1225,0.316,112.2,112.2,123.7,0.4,131.1,448,0.26,0,10.27,0.59,15,0.93,5/23/2024,M04632,5,177,DOP29 W3 Organoids M04632,29,Default Group,#999999,N/A,N/A,24.4.2024,0
1,386,17,17,7087,822.5,560,0.391,470.4,375.7,595.3,1.85,131,2291,1.31,0,N/A,N/A,79,1,5/23/2024,M04632,5,177,DOP29 W3 Organoids M04632,29,Default Group,#999999,N/A,N/A,24.4.2024,0
1,387,17,18,9851,2992.5,770,0.278,202.9,202.9,166,0.75,321.3,975,0.56,0,6.02,0.7,33,1,5/23/2024,M04632,5,177,DOP29 W3 Organoids M04632,29,Default Group,#999999,N/A,N/A,24.4.2024,0
1,388,17,20,1228,2240,87.5,N/A,N/A,N/A,N/A,N/A,109.7,618,0.35,0,6.16,0.51,21,0.83,5/23/2024,M04632,5,177,DOP29 W3 Organoids M04632,29,Default Group,#999999,N/A,N/A,24.4.2024,0
1,389,17,22,12477,2747.5,980,0.494,358.5,204,360.3,0.9,154,1558,0.89,0,13.63,0.68,53,1,5/23/2024,M04632,5,177,DOP29 W3 Organoids M04632,29,Default Group,#999999,N/A,N/A,24.4.2024,0
1,390,17,25,24544,2170,1942.5,N/A,N/A,N/A,N/A,N/A,125.7,553,0.32,0,10.52,0.63,19,0.76,5/23/2024,M04632,5,177,DOP29 W3 Organoids M04632,29,Default Group,#999999,N/A,N/A,24.4.2024,0
1,391,17,26,21167,822.5,1680,N/A,N/A,N/A,N/A,N/A,111.8,648,0.37,0,4.09,0.37,22,1,5/23/2024,M04632,5,177,DOP29 W3 Organoids M04632,29,Default Group,#999999,N/A,N/A,24.4.2024,0
1,392,17,27,2894,595,227.5,0.404,669.7,362.7,289.7,0.9,143.9,671,0.38,0.97,N/A,N/A,23,1,5/23/2024,M04632,5,177,DOP29 W3 Organoids M04632,29,Default Group,#999999,N/A,N/A,24.4.2024,0
1,393,17,29,25798,1015,2047.5,0.297,129.7,129.7,141.1,0.5,109.7,1594,0.91,0,N/A,N/A,54,1,5/23/2024,M04632,5,177,DOP29 W3 Organoids M04632,29,Default Group,#999999,N/A,N/A,24.4.2024,0
1,394,17,32,23811,892.5,1890,N/A,N/A,N/A,N/A,N/A,85.9,463,0.27,0,2.03,0.35,15,0.79,5/23/2024,M04632,5,177,DOP29 W3 Organoids M04632,29,Default Group,#999999,N/A,N/A,24.4.2024,0
1,395,17,34,24343,2502.5,1925,0.368,394.5,151.4,166,0.65,90.7,729,0.42,0,N/A,N/A,25,1,5/23/2024,M04632,5,177,DOP29 W3 Organoids M04632,29,Default Group,#999999,N/A,N/A,24.4.2024,0
1,396,17,35,7318,1015,577.5,0.319,77.2,77.2,72.2,0.3,90.4,3043,1.74,0,N/A,N/A,104,1,5/23/2024,M04632,5,177,DOP29 W3 Organoids M04632,29,Default Group,#999999,N/A,N/A,24.4.2024,0
1,397,17,36,1425,1837.5,105,N/A,N/A,N/A,N/A,N/A,71.6,955,0.55,0.48,N/A,N/A,32,0.9,5/23/2024,M04632,5,177,DOP29 W3 Organoids M04632,29,Default Group,#999999,N/A,N/A,24.4.2024,0
1,398,17,37,22915,612.5,1820,0.278,453.2,204,284.9,1.3,78.8,800,0.46,0,N/A,N/A,27,1,5/23/2024,M04632,5,177,DOP29 W3 Organoids M04632,29,Default Group,#999999,N/A,N/A,24.4.2024,0
1,399,17,38,10490,2625,822.5,0.302,405.2,215.7,577.5,1.8,120.8,761,0.44,1.51,N/A,N/A,26,1,5/23/2024,M04632,5,177,DOP29 W3 Organoids M04632,29,Default Group,#999999,N/A,N/A,24.4.2024,0
1,400,17,40,9500,700,752.5,N/A,N/A,N/A,N/A,N/A,144.5,1543,0.88,0,N/A,N/A,53,1,5/23/2024,M04632,5,177,DOP29 W3 Organoids M04632,29,Default Group,#999999,N/A,N/A,24.4.2024,0
1,401,17,41,2540,2100,192.5,0.284,94.7,94.7,123.7,0.55,93.2,399,0.23,0,N/A,N/A,13,0.76,5/23/2024,M04632,5,177,DOP29 W3 Organoids M04632,29,Default Group,#999999,N/A,N/A,24.4.2024,0
1,402,17,42,1602,1085,122.5,N/A,N/A,N/A,N/A,N/A,149.3,1760,1.01,0,10.06,0.5,60,1,5/23/2024,M04632,5,177,DOP29 W3 Organoids M04632,29,Default Group,#999999,N/A,N/A,24.4.2024,0
1,403,17,43,17008,1190,1347.5,0.36,186.4,98.9,556.2,2.55,67.4,634,0.36,0,N/A,N/A,21,0.97,5/23/2024,M04632,5,177,DOP29 W3 Organoids M04632,29,Default Group,#999999,N/A,N/A,24.4.2024,0
1,404,17,44,24064,1470,1907.5,N/A,N/A,N/A,N/A,N/A,88.8,1669,0.96,0,N/A,N/A,57,1,5/23/2024,M04632,5,177,DOP29 W3 Organoids M04632,29,Default Group,#999999,N/A,N/A,24.4.2024,0
1,405,17,49,7055,262.5,560,0.412,222.5,222.5,199.5,0.55,68.2,2747,1.58,0,N/A,N/A,94,1,5/23/2024,M04632,5,177,DOP29 W3 Organoids M04632,29,Default Group,#999999,N/A,N/A,24.4.2024,0
1,406,17,50,22720,1050,1802.5,0.264,528.5,528.5,399.1,2,84.9,849,0.49,0,8.68,0.54,29,1,5/23/2024,M04632,5,177,DOP29 W3 Organoids M04632,29,Default Group,#999999,N/A,N/A,24.4.2024,0
1,407,17,51,18097,997.5,1435,N/A,N/A,N/A,N/A,N/A,66.1,826,0.47,0.64,N/A,N/A,28,0.97,5/23/2024,M04632,5,177,DOP29 W3 Organoids M04632,29,Default Group,#999999,N/A,N/A,24.4.2024,0
1,408,17,52,7075,612.5,560,0.486,814.7,730.2,812,1.95,82.6,2418,1.39,0,N/A,N/A,83,1,5/23/2024,M04632,5,177,DOP29 W3 Organoids M04632,29,Default Group,#999999,N/A,N/A,24.4.2024,0
1,409,17,53,5801,1417.5,455,0.369,386.2,256.5,369.2,1.25,153.6,375,0.22,0,6.2,0.61,12,0.79,5/23/2024,M04632,5,177,DOP29 W3 Organoids M04632,29,Default Group,#999999,N/A,N/A,24.4.2024,0
1,410,17,58,10526,3255,822.5,N/A,N/A,N/A,N/A,N/A,90,766,0.44,0.74,1.55,0.23,26,0.97,5/23/2024,M04632,5,177,DOP29 W3 Organoids M04632,29,Default Group,#999999,N/A,N/A,24.4.2024,0
1,411,17,60,13588,2940,1067.5,0.399,383.1,256.4,402.5,0.6,55,1418,0.81,0,4.51,0.35,48,1,5/23/2024,M04632,5,177,DOP29 W3 Organoids M04632,29,Default Group,#999999,N/A,N/A,24.4.2024,0
1,412,17,62,4119,2782.5,315,0.315,570.6,408.9,388.6,1.7,207.2,457,0.26,0,N/A,N/A,15,1,5/23/2024,M04632,5,177,DOP29 W3 Organoids M04632,29,Default Group,#999999,N/A,N/A,24.4.2024,0
1,413,17,63,1971,3692.5,140,0.434,173.1,173.1,106.4,0.45,73.5,331,0.19,0,N/A,N/A,11,0.69,5/23/2024,M04632,5,177,DOP29 W3 Organoids M04632,29,Default Group,#999999,N/A,N/A,24.4.2024,0
1,414,19,1,25012,2660,1977.5,0.276,147.2,147.2,2060.5,1.5,2610.7,399,0.21,2.93,10.76,0.71,12,0.84,5/23/2024,M05368,1,178,DOP29 W3 Organoids M05368,29,Default Group,#999999,N/A,N/A,24.4.2024,0
1,415,19,2,11426,3605,892.5,0.409,162.8,162.8,112.1,0.45,1094.7,377,0.2,0,6.78,0.74,12,0.77,5/23/2024,M05368,1,178,DOP29 W3 Organoids M05368,29,Default Group,#999999,N/A,N/A,24.4.2024,0
1,416,19,3,814,2695,52.5,0.358,551,446,981.6,2.25,1465.6,1054,0.57,0,5.44,0.57,34,1,5/23/2024,M05368,1,178,DOP29 W3 Organoids M05368,29,Default Group,#999999,N/A,N/A,24.4.2024,0
1,417,19,4,1937,3097.5,140,N/A,N/A,N/A,N/A,N/A,1512.5,400,0.21,0,6.84,0.58,12,0.9,5/23/2024,M05368,1,178,DOP29 W3 Organoids M05368,29,Default Group,#999999,N/A,N/A,24.4.2024,0
1,418,19,5,3587,1172.5,280,0.373,866.1,368.6,1816.8,2.7,851.8,823,0.44,0,4.1,0.52,26,1,5/23/2024,M05368,1,178,DOP29 W3 Organoids M05368,29,Default Group,#999999,N/A,N/A,24.4.2024,0
1,419,19,11,1170,1225,87.5,0.299,116.4,116.4,63.1,0.45,683.8,375,0.2,0,11.9,0.76,12,0.71,5/23/2024,M05368,1,178,DOP29 W3 Organoids M05368,29,Default Group,#999999,N/A,N/A,24.4.2024,0
1,420,19,13,5353,1277.5,420,0.412,454.3,305.9,302.1,1,513.3,530,0.28,0,9.76,0.57,17,0.94,5/23/2024,M05368,1,178,DOP29 W3 Organoids M05368,29,Default Group,#999999,N/A,N/A,24.4.2024,0
1,421,19,15,7308,840,577.5,0.416,383.2,256.5,574,1.65,568.7,590,0.32,0,4.3,0.57,19,0.9,5/23/2024,M05368,1,178,DOP29 W3 Organoids M05368,29,Default Group,#999999,N/A,N/A,24.4.2024,0
1,422,19,17,15431,542.5,1225,0.292,313.1,168.9,192.5,0.65,685.2,424,0.23,0,10.05,0.83,13,0.84,5/23/2024,M05368,1,178,DOP29 W3 Organoids M05368,29,Default Group,#999999,N/A,N/A,24.4.2024,0
1,423,19,21,25820,1400,2047.5,N/A,N/A,N/A,N/A,N/A,736.2,552,0.3,0,11.24,0.74,17,0.9,5/23/2024,M05368,1,178,DOP29 W3 Organoids M05368,29,Default Group,#999999,N/A,N/A,24.4.2024,0
1,424,19,22,1441,2117.5,105,N/A,N/A,N/A,N/A,N/A,749.1,430,0.23,0,10.57,0.79,13,0.77,5/23/2024,M05368,1,178,DOP29 W3 Organoids M05368,29,Default Group,#999999,N/A,N/A,24.4.2024,0
1,425,19,25,15449,857.5,1225,0.407,611.2,253.7,315.5,0.9,491.5,408,0.22,0,6.08,0.53,13,0.81,5/23/2024,M05368,1,178,DOP29 W3 Organoids M05368,29,Default Group,#999999,N/A,N/A,24.4.2024,0
1,426,19,29,4764,2520,367.5,0.362,384.4,384.4,433.3,1.1,1381,2757,1.48,3.86,3.94,0.69,88,1,5/23/2024,M05368,1,178,DOP29 W3 Organoids M05368,29,Default Group,#999999,N/A,N/A,24.4.2024,0
1,427,19,34,24369,2957.5,1925,0.471,161.6,161.6,175,0.4,769.2,400,0.21,0,22.1,0.68,12,0.77,5/23/2024,M05368,1,178,DOP29 W3 Organoids M05368,29,Default Group,#999999,N/A,N/A,24.4.2024,0
1,428,19,36,2789,2607.5,210,N/A,N/A,N/A,N/A,N/A,435.4,470,0.25,0,6.19,0.58,15,0.94,5/23/2024,M05368,1,178,DOP29 W3 Organoids M05368,29,Default Group,#999999,N/A,N/A,24.4.2024,0
1,429,19,39,8178,665,647.5,0.329,602.5,179.2,180.2,0.6,476.1,1417,0.76,0,6.74,0.52,45,1,5/23/2024,M05368,1,178,DOP29 W3 Organoids M05368,29,Default Group,#999999,N/A,N/A,24.4.2024,0
1,430,19,52,20749,1207.5,1645,0.393,473.7,347,632.4,1.9,448.7,760,0.41,0,5.04,0.55,24,1,5/23/2024,M05368,1,178,DOP29 W3 Organoids M05368,29,Default Group,#999999,N/A,N/A,24.4.2024,0
1,431,19,54,10506,2905,822.5,N/A,N/A,N/A,N/A,N/A,362.2,428,0.23,0,6.67,0.45,13,0.77,5/23/2024,M05368,1,178,DOP29 W3 Organoids M05368,29,Default Group,#999999,N/A,N/A,24.4.2024,0
1,432,19,56,7489,157.5,595,0.344,230.3,230.3,224.1,0.8,486.3,365,0.2,7,4.43,0.71,11,0.68,5/23/2024,M05368,1,178,DOP29 W3 Organoids M05368,29,Default Group,#999999,N/A,N/A,24.4.2024,0
1,433,19,58,24164,3220,1907.5,0.396,231.7,144.2,149.5,0.35,349.5,775,0.42,0,3.97,0.46,25,1,5/23/2024,M05368,1,178,DOP29 W3 Organoids M05368,29,Default Group,#999999,N/A,N/A,24.4.2024,0
1,434,19,62,14689,2957.5,1155,0.377,253.5,253.5,266.6,0.8,294.5,382,0.2,0,4.88,0.56,12,0.68,5/23/2024,M05368,1,178,DOP29 W3 Organoids M05368,29,Default Group,#999999,N/A,N/A,24.4.2024,0
1,435,19,63,5043,3552.5,385,0.286,125.3,125.3,144.3,0.5,669.6,649,0.35,1.11,3.52,0.55,20,0.97,5/23/2024,M05368,1,178,DOP29 W3 Organoids M05368,29,Default Group,#999999,N/A,N/A,24.4.2024,0
1,436,20,3,8190,875,647.5,N/A,N/A,N/A,N/A,N/A,1836.2,391,0.22,0,10.89,0.78,13,0.8,5/23/2024,M05368,2,178,DOP29 W3 Organoids M05368,29,Default Group,#999999,N/A,N/A,24.4.2024,0
1,437,20,6,1419,1732.5,105,N/A,N/A,N/A,N/A,N/A,1284.2,754,0.42,119,2.36,0.36,25,1,5/23/2024,M05368,2,178,DOP29 W3 Organoids M05368,29,Default Group,#999999,N/A,N/A,24.4.2024,0
1,438,20,9,9839,2782.5,770,0.39,772,582.2,455.3,1.55,720.2,550,0.3,0,4.92,0.58,18,1,5/23/2024,M05368,2,178,DOP29 W3 Organoids M05368,29,Default Group,#999999,N/A,N/A,24.4.2024,0
1,439,20,13,17763,2852.5,1400,0.378,2078.4,467.7,928.2,3.9,845.1,2934,1.63,0,18.43,0.66,97,1,5/23/2024,M05368,2,178,DOP29 W3 Organoids M05368,29,Default Group,#999999,N/A,N/A,24.4.2024,0
1,440,20,15,25527,122.5,2030,N/A,N/A,N/A,N/A,N/A,911.8,871,0.48,0,2.05,0.25,29,1,5/23/2024,M05368,2,178,DOP29 W3 Organoids M05368,29,Default Group,#999999,N/A,N/A,24.4.2024,0
1,441,20,17,24239,682.5,1925,N/A,N/A,N/A,N/A,N/A,1356,360,0.2,462.84,4.52,0.17,12,0.6,5/23/2024,M05368,2,178,DOP29 W3 Organoids M05368,29,Default Group,#999999,N/A,N/A,24.4.2024,0
1,442,20,19,6522,2485,507.5,0.416,498.4,386.2,338,0.95,652.2,1212,0.67,0,9.54,0.66,40,1,5/23/2024,M05368,2,178,DOP29 W3 Organoids M05368,29,Default Group,#999999,N/A,N/A,24.4.2024,0
1,443,20,20,8073,2677.5,630,0.415,509.6,337.6,351.7,0.8,715,441,0.24,0,11.8,0.68,14,0.8,5/23/2024,M05368,2,178,DOP29 W3 Organoids M05368,29,Default Group,#999999,N/A,N/A,24.4.2024,0
1,444,20,21,2906,805,227.5,0.327,270.4,147.6,437.5,1.2,643.9,411,0.23,2.67,8.15,0.58,13,0.93,5/23/2024,M05368,2,178,DOP29 W3 Organoids M05368,29,Default Group,#999999,N/A,N/A,24.4.2024,0
1,445,20,27,899,332.5,70,N/A,N/A,N/A,N/A,N/A,450.8,1076,0.6,1.95,5.87,0.56,35,1,5/23/2024,M05368,2,178,DOP29 W3 Organoids M05368,29,Default Group,#999999,N/A,N/A,24.4.2024,0
1,446,20,28,23562,385,1872.5,0.334,102,102,117.4,0.35,777.7,366,0.2,0,9.74,0.79,12,0.6,5/23/2024,M05368,2,178,DOP29 W3 Organoids M05368,29,Default Group,#999999,N/A,N/A,24.4.2024,0
1,447,20,30,14958,3815,1172.5,0.306,144.2,144.2,348.7,1,690.7,503,0.28,0,12.12,0.7,16,0.77,5/23/2024,M05368,2,178,DOP29 W3 Organoids M05368,29,Default Group,#999999,N/A,N/A,24.4.2024,0
1,448,20,31,15559,2782.5,1225,0.465,348.2,179.2,166,0.45,625.1,1108,0.61,0,10.97,0.62,36,1,5/23/2024,M05368,2,178,DOP29 W3 Organoids M05368,29,Default Group,#999999,N/A,N/A,24.4.2024,0
1,449,20,32,11169,2957.5,875,0.482,436.8,218.4,127.4,0.4,441.2,1050,0.58,0,9.27,0.51,35,0.97,5/23/2024,M05368,2,178,DOP29 W3 Organoids M05368,29,Default Group,#999999,N/A,N/A,24.4.2024,0
1,450,20,33,23047,2922.5,1820,0.416,239,239,204.1,0.65,706.1,846,0.47,0,6.74,0.38,28,1,5/23/2024,M05368,2,178,DOP29 W3 Organoids M05368,29,Default Group,#999999,N/A,N/A,24.4.2024,0
1,451,20,35,16558,1015,1312.5,0.424,2183.4,429.5,940.8,2.85,682.3,577,0.32,0,18.08,0.58,19,0.67,5/23/2024,M05368,2,178,DOP29 W3 Organoids M05368,29,Default Group,#999999,N/A,N/A,24.4.2024,0
1,452,20,40,10368,490,822.5,0.393,730.1,403.7,359.1,1.1,470.4,511,0.28,0,8.19,0.62,17,0.9,5/23/2024,M05368,2,178,DOP29 W3 Organoids M05368,29,Default Group,#999999,N/A,N/A,24.4.2024,0
1,453,20,42,11191,3342.5,875,0.35,137,137,161.3,0.45,527.7,477,0.26,0,4.93,0.44,15,0.93,5/23/2024,M05368,2,178,DOP29 W3 Organoids M05368,29,Default Group,#999999,N/A,N/A,24.4.2024,0
1,454,20,43,13791,2642.5,1085,N/A,N/A,N/A,N/A,N/A,698.8,1301,0.72,0,21.03,0.67,43,1,5/23/2024,M05368,2,178,DOP29 W3 Organoids M05368,29,Default Group,#999999,N/A,N/A,24.4.2024,0
1,455,20,44,10693,2327.5,840,0.433,840.4,253.4,532.2,1.3,637.2,422,0.23,0,3.57,0.62,14,0.93,5/23/2024,M05368,2,178,DOP29 W3 Organoids M05368,29,Default Group,#999999,N/A,N/A,24.4.2024,0
1,456,20,46,9385,2537.5,735,0.465,221.5,137,133.3,0.4,1184.8,1082,0.6,0,10.95,0.52,36,1,5/23/2024,M05368,2,178,DOP29 W3 Organoids M05368,29,Default Group,#999999,N/A,N/A,24.4.2024,0
1,457,20,47,17161,17.5,1365,N/A,N/A,N/A,N/A,N/A,510.1,503,0.28,0,18.16,0.65,16,0.93,5/23/2024,M05368,2,178,DOP29 W3 Organoids M05368,29,Default Group,#999999,N/A,N/A,24.4.2024,0
1,458,20,52,22288,1190,1767.5,0.385,2522.5,457.4,1778.6,4.55,417.1,1504,0.83,0,5.37,0.52,50,1,5/23/2024,M05368,2,178,DOP29 W3 Organoids M05368,29,Default Group,#999999,N/A,N/A,24.4.2024,0
1,459,20,55,7708,140,612.5,N/A,N/A,N/A,N/A,N/A,664.7,354,0.2,0,5.59,0.68,11,0.83,5/23/2024,M05368,2,178,DOP29 W3 Organoids M05368,29,Default Group,#999999,N/A,N/A,24.4.2024,0
1,460,20,56,485,787.5,35,N/A,N/A,N/A,N/A,N/A,315.6,440,0.24,0,11.61,0.53,14,0.87,5/23/2024,M05368,2,178,DOP29 W3 Organoids M05368,29,Default Group,#999999,N/A,N/A,24.4.2024,0
1,461,20,58,336,2030,17.5,N/A,N/A,N/A,N/A,N/A,337.9,518,0.29,0,17.31,0.77,17,0.8,5/23/2024,M05368,2,178,DOP29 W3 Organoids M05368,29,Default Group,#999999,N/A,N/A,24.4.2024,0
1,462,20,62,17994,3045,1417.5,N/A,N/A,N/A,N/A,N/A,433.2,1484,0.82,0.2,5.37,0.58,49,1,5/23/2024,M05368,2,178,DOP29 W3 Organoids M05368,29,Default Group,#999999,N/A,N/A,24.4.2024,0
1,463,20,63,3549,507.5,280,0.4,263.6,263.6,230.2,0.7,985,562,0.31,0,13.54,0.75,18,1,5/23/2024,M05368,2,178,DOP29 W3 Organoids M05368,29,Default Group,#999999,N/A,N/A,24.4.2024,0
1,464,21,2,15208,490,1207.5,N/A,N/A,N/A,N/A,N/A,1093.3,563,0.32,5.5,3.64,0.6,19,0.86,5/23/2024,M05368,3,178,DOP29 W3 Organoids M05368,29,Default Group,#999999,N/A,N/A,24.4.2024,0
1,465,21,5,10494,2695,822.5,0.375,284.2,284.2,280.5,0.9,900.8,380,0.22,0,9.36,0.68,13,0.79,5/23/2024,M05368,3,178,DOP29 W3 Organoids M05368,29,Default Group,#999999,N/A,N/A,24.4.2024,0
1,466,21,6,5857,2397.5,455,0.35,472.6,276.1,260.2,0.85,954.1,575,0.33,0,6.05,0.82,19,1,5/23/2024,M05368,3,178,DOP29 W3 Organoids M05368,29,Default Group,#999999,N/A,N/A,24.4.2024,0
1,467,21,8,24249,857.5,1925,0.417,263.6,147.2,230.2,0.8,1009.4,626,0.36,0,6.39,0.74,21,1,5/23/2024,M05368,3,178,DOP29 W3 Organoids M05368,29,Default Group,#999999,N/A,N/A,24.4.2024,0
1,468,21,10,18726,455,1487.5,0.371,731,364.8,365.4,1.1,1145.7,364,0.21,0,7.99,0.74,12,0.97,5/23/2024,M05368,3,178,DOP29 W3 Organoids M05368,29,Default Group,#999999,N/A,N/A,24.4.2024,0
1,469,21,14,19312,3010,1522.5,N/A,N/A,N/A,N/A,N/A,412.4,1499,0.86,0.78,N/A,N/A,51,1,5/23/2024,M05368,3,178,DOP29 W3 Organoids M05368,29,Default Group,#999999,N/A,N/A,24.4.2024,0
1,470,21,16,12481,2817.5,980,0.331,228.6,116.4,127.4,0.8,407.3,646,0.37,0,3.45,0.46,22,0.97,5/23/2024,M05368,3,178,DOP29 W3 Organoids M05368,29,Default Group,#999999,N/A,N/A,24.4.2024,0
1,471,21,17,14531,192.5,1155,0.421,129.7,129.7,123.7,0.45,674.2,357,0.2,0,6.87,0.64,12,1,5/23/2024,M05368,3,178,DOP29 W3 Organoids M05368,29,Default Group,#999999,N/A,N/A,24.4.2024,0
1,472,21,21,8507,2572.5,665,0.349,458.4,232.8,182.7,0.75,480,820,0.47,0,4.35,0.47,28,1,5/23/2024,M05368,3,178,DOP29 W3 Organoids M05368,29,Default Group,#999999,N/A,N/A,24.4.2024,0
1,473,21,22,947,1172.5,70,N/A,N/A,N/A,N/A,N/A,501.8,308,0.18,0,4.37,0.58,10,0.72,5/23/2024,M05368,3,178,DOP29 W3 Organoids M05368,29,Default Group,#999999,N/A,N/A,24.4.2024,0
1,474,21,27,7107,1172.5,560,0.379,333.5,196.5,122.5,0.55,413.3,807,0.46,0,4,0.47,27,1,5/23/2024,M05368,3,178,DOP29 W3 Organoids M05368,29,Default Group,#999999,N/A,N/A,24.4.2024,0
1,475,21,29,25880,2450,2047.5,0.286,257.5,155.5,1078.3,4.3,382,967,0.55,0.47,5.94,0.57,33,1,5/23/2024,M05368,3,178,DOP29 W3 Organoids M05368,29,Default Group,#999999,N/A,N/A,24.4.2024,0
1,476,21,32,12537,3797.5,980,0.331,299.8,165.9,161.3,0.55,676.9,361,0.21,0,4.68,0.59,12,0.86,5/23/2024,M05368,3,178,DOP29 W3 Organoids M05368,29,Default Group,#999999,N/A,N/A,24.4.2024,0
1,477,21,36,10802,385,857.5,0.398,622.1,330.6,276.7,1,457.9,954,0.55,0,2.8,0.28,32,0.93,5/23/2024,M05368,3,178,DOP29 W3 Organoids M05368,29,Default Group,#999999,N/A,N/A,24.4.2024,0
1,478,21,37,25141,1067.5,1995,N/A,N/A,N/A,N/A,N/A,447.1,354,0.2,0,7.83,0.66,12,0.62,5/23/2024,M05368,3,178,DOP29 W3 Organoids M05368,29,Default Group,#999999,N/A,N/A,24.4.2024,0
1,479,21,39,19634,945,1557.5,N/A,N/A,N/A,N/A,N/A,259.3,1189,0.68,0,6.15,0.52,41,1,5/23/2024,M05368,3,178,DOP29 W3 Organoids M05368,29,Default Group,#999999,N/A,N/A,24.4.2024,0
1,480,21,40,16246,3255,1277.5,0.359,183.3,183.3,199.5,0.55,474,409,0.23,0,7.67,0.62,14,0.9,5/23/2024,M05368,3,178,DOP29 W3 Organoids M05368,29,Default Group,#999999,N/A,N/A,24.4.2024,0
1,481,21,42,19809,157.5,1575,N/A,N/A,N/A,N/A,N/A,157.4,1846,1.06,0.13,N/A,N/A,63,1,5/23/2024,M05368,3,178,DOP29 W3 Organoids M05368,29,Default Group,#999999,N/A,N/A,24.4.2024,0
1,482,21,43,17373,3727.5,1365,0.303,295.6,295.6,243.7,1,440.7,360,0.21,0,4.19,0.41,12,0.62,5/23/2024,M05368,3,178,DOP29 W3 Organoids M05368,29,Default Group,#999999,N/A,N/A,24.4.2024,0
1,483,21,44,10727,2922.5,840,0.389,390.4,193.7,161.3,0.55,724,499,0.29,0,10.53,0.62,17,1,5/23/2024,M05368,3,178,DOP29 W3 Organoids M05368,29,Default Group,#999999,N/A,N/A,24.4.2024,0
1,484,21,46,11698,665,927.5,0.267,116.4,116.4,89.2,0.4,311.7,574,0.33,0,5.04,0.58,19,0.93,5/23/2024,M05368,3,178,DOP29 W3 Organoids M05368,29,Default Group,#999999,N/A,N/A,24.4.2024,0
1,485,21,48,25746,105,2047.5,N/A,N/A,N/A,N/A,N/A,560.4,342,0.2,0,7,0.64,11,0.66,5/23/2024,M05368,3,178,DOP29 W3 Organoids M05368,29,Default Group,#999999,N/A,N/A,24.4.2024,0
1,486,21,52,15571,2992.5,1225,0.265,318.4,163.9,280,1.4,344.4,1878,1.08,0.12,2.86,0.43,64,1,5/23/2024,M05368,3,178,DOP29 W3 Organoids M05368,29,Default Group,#999999,N/A,N/A,24.4.2024,0
1,487,21,53,2934,1295,227.5,0.453,956.9,393.5,391.3,0.9,309.4,338,0.19,0,14.46,0.79,11,0.97,5/23/2024,M05368,3,178,DOP29 W3 Organoids M05368,29,Default Group,#999999,N/A,N/A,24.4.2024,0
1,488,21,55,6309,2607.5,490,N/A,N/A,N/A,N/A,N/A,294.8,419,0.24,0,4.97,0.38,14,0.93,5/23/2024,M05368,3,178,DOP29 W3 Organoids M05368,29,Default Group,#999999,N/A,N/A,24.4.2024,0
1,489,21,63,25203,2152.5,1995,N/A,N/A,N/A,N/A,N/A,415.5,578,0.33,0,10.04,0.82,19,1,5/23/2024,M05368,3,178,DOP29 W3 Organoids M05368,29,Default Group,#999999,N/A,N/A,24.4.2024,0
1,490,22,8,12825,1137.5,1015,0.345,322.1,322.1,282.7,0.95,341.4,265,0.18,0,7.12,0.49,10,0.6,5/23/2024,M05368,4,178,DOP29 W3 Organoids M05368,29,Default Group,#999999,N/A,N/A,24.4.2024,0
1,491,22,9,19654,1295,1557.5,0.269,323.5,323.5,306.1,1.3,421.7,296,0.2,0,9.25,0.63,11,0.92,5/23/2024,M05368,4,178,DOP29 W3 Organoids M05368,29,Default Group,#999999,N/A,N/A,24.4.2024,0
1,492,22,16,17705,1837.5,1400,N/A,N/A,N/A,N/A,N/A,258.5,376,0.25,29.24,N/A,N/A,15,0.8,5/23/2024,M05368,4,178,DOP29 W3 Organoids M05368,29,Default Group,#999999,N/A,N/A,24.4.2024,0
1,493,22,17,772,1960,52.5,N/A,N/A,N/A,N/A,N/A,138.8,958,0.64,0,N/A,N/A,38,1,5/23/2024,M05368,4,178,DOP29 W3 Organoids M05368,29,Default Group,#999999,N/A,N/A,24.4.2024,0
1,494,22,35,1636,1680,122.5,0.295,441.2,217,221.4,0.8,150.8,543,0.36,0,7.21,0.55,21,1,5/23/2024,M05368,4,178,DOP29 W3 Organoids M05368,29,Default Group,#999999,N/A,N/A,24.4.2024,0
1,495,22,39,5204,2520,402.5,0.309,258.5,258.5,235.4,1,250.2,534,0.36,0,N/A,N/A,21,1,5/23/2024,M05368,4,178,DOP29 W3 Organoids M05368,29,Default Group,#999999,N/A,N/A,24.4.2024,0
1,496,22,43,17902,1435,1417.5,0.414,217.2,217.2,848.2,1.65,241.5,395,0.26,130.07,1.48,0.31,15,0.92,5/23/2024,M05368,4,178,DOP29 W3 Organoids M05368,29,Default Group,#999999,N/A,N/A,24.4.2024,0
1,497,22,44,21420,1400,1697.5,0.295,512.5,171.7,188.5,1.45,288.4,339,0.23,0,8.67,0.66,13,0.92,5/23/2024,M05368,4,178,DOP29 W3 Organoids M05368,29,Default Group,#999999,N/A,N/A,24.4.2024,0
1,498,22,46,17739,2432.5,1400,0.307,84.5,84.5,72.2,0.3,59.6,309,0.21,0,N/A,N/A,12,0.84,5/23/2024,M05368,4,178,DOP29 W3 Organoids M05368,29,Default Group,#999999,N/A,N/A,24.4.2024,0
1,499,22,48,10922,2485,857.5,0.362,199.5,122.3,731,1.25,310.9,273,0.18,0,2.09,0.18,10,0.64,5/23/2024,M05368,4,178,DOP29 W3 Organoids M05368,29,Default Group,#999999,N/A,N/A,24.4.2024,0
1,500,23,5,11726,1155,927.5,0.248,288.3,196.7,322.7,1.8,544,498,0.36,0,18.89,0.64,21,1,5/23/2024,M05368,5,178,DOP29 W3 Organoids M05368,29,Default Group,#999999,N/A,N/A,24.4.2024,0
1,501,23,6,12813,927.5,1015,0.302,183.4,183.4,175.9,0.9,388.3,499,0.36,0,14.27,0.72,21,1,5/23/2024,M05368,5,178,DOP29 W3 Organoids M05368,29,Default Group,#999999,N/A,N/A,24.4.2024,0
1,502,23,9,15013,927.5,1190,0.314,614.8,228.7,927.7,3.65,207.9,336,0.24,0,8.34,0.58,14,1,5/23/2024,M05368,5,178,DOP29 W3 Organoids M05368,29,Default Group,#999999,N/A,N/A,24.4.2024,0
1,503,23,10,24297,1697.5,1925,0.461,200.9,200.9,133.3,0.45,170.2,500,0.36,0,10.23,0.65,21,1,5/23/2024,M05368,5,178,DOP29 W3 Organoids M05368,29,Default Group,#999999,N/A,N/A,24.4.2024,0
1,504,23,12,22083,1452.5,1750,N/A,N/A,N/A,N/A,N/A,114.9,470,0.34,0,N/A,N/A,20,1,5/23/2024,M05368,5,178,DOP29 W3 Organoids M05368,29,Default Group,#999999,N/A,N/A,24.4.2024,0
1,505,23,13,15768,2590,1242.5,N/A,N/A,N/A,N/A,N/A,159.3,495,0.36,0,4.25,0.49,21,1,5/23/2024,M05368,5,178,DOP29 W3 Organoids M05368,29,Default Group,#999999,N/A,N/A,24.4.2024,0
1,506,23,14,1019,2432.5,70,N/A,N/A,N/A,N/A,N/A,150.3,462,0.33,0,3.38,0.47,20,1,5/23/2024,M05368,5,178,DOP29 W3 Organoids M05368,29,Default Group,#999999,N/A,N/A,24.4.2024,0
1,507,23,17,2496,1330,192.5,0.341,315.8,203.6,284.9,1.1,112.9,565,0.41,0,N/A,N/A,24,1,5/23/2024,M05368,5,178,DOP29 W3 Organoids M05368,29,Default Group,#999999,N/A,N/A,24.4.2024,0
1,508,23,19,16134,1295,1277.5,0.326,337.6,337.6,322.7,1.15,67.6,298,0.22,0,3.62,0.37,12,0.96,5/23/2024,M05368,5,178,DOP29 W3 Organoids M05368,29,Default Group,#999999,N/A,N/A,24.4.2024,0
1,509,23,20,13576,2730,1067.5,0.423,164.7,164.7,150.5,0.85,125.7,373,0.27,0,N/A,N/A,16,0.96,5/23/2024,M05368,5,178,DOP29 W3 Organoids M05368,29,Default Group,#999999,N/A,N/A,24.4.2024,0
1,510,23,21,25631,1942.5,2030,N/A,N/A,N/A,N/A,N/A,108.5,374,0.27,0,N/A,N/A,16,1,5/23/2024,M05368,5,178,DOP29 W3 Organoids M05368,29,Default Group,#999999,N/A,N/A,24.4.2024,0
1,511,23,22,6315,2712.5,490,N/A,N/A,N/A,N/A,N/A,96.8,326,0.24,0,5.59,0.52,14,0.91,5/23/2024,M05368,5,178,DOP29 W3 Organoids M05368,29,Default Group,#999999,N/A,N/A,24.4.2024,0
1,512,23,23,21627,1172.5,1715,N/A,N/A,N/A,N/A,N/A,79.2,440,0.32,0,N/A,N/A,19,0.96,5/23/2024,M05368,5,178,DOP29 W3 Organoids M05368,29,Default Group,#999999,N/A,N/A,24.4.2024,0
1,513,23,27,16445,2887.5,1295,0.162,77.2,77.2,78.3,0.9,331.2,288,0.21,0,13.62,0.63,12,1,5/23/2024,M05368,5,178,DOP29 W3 Organoids M05368,29,Default Group,#999999,N/A,N/A,24.4.2024,0
1,514,23,33,3623,1802.5,280,0.237,87.5,87.5,122.5,0.45,61.9,341,0.25,0,N/A,N/A,14,0.96,5/23/2024,M05368,5,178,DOP29 W3 Organoids M05368,29,Default Group,#999999,N/A,N/A,24.4.2024,0
1,515,23,38,14368,1190,1137.5,0.361,183.4,183.4,210.7,0.75,178.4,239,0.17,0,5.23,0.47,10,0.74,5/23/2024,M05368,5,178,DOP29 W3 Organoids M05368,29,Default Group,#999999,N/A,N/A,24.4.2024,0
1,516,23,40,24056,1330,1907.5,0.266,171.9,94.7,210,1.15,190.8,463,0.33,0,N/A,N/A,20,1,5/23/2024,M05368,5,178,DOP29 W3 Organoids M05368,29,Default Group,#999999,N/A,N/A,24.4.2024,0
